:Temperature,:Pressure,G_system,G_tot,S_tot,V_tot,H_tot,TS_tot,PV-_tot,U_tot,blk_O,blk_SI,blk_TI,blk_AL,blk_FE,blk_MG,blk_MN,blk_CA,blk_NA,blk_K,blk_H,blk_E,V_solids,rho_solids,n_H2O_solids,wt_H2O_solids,pcH2O_solids,n_[abM],n_abM_[abM],x_abM_[abM],a_abM_[abM],n_anM_[abM],x_anM_[abM],a_anM_[abM],x_Na(A)_[abM],x_Ca(A)_[abM],n_[ep],n_cz_[ep],x_cz_[ep],a_cz_[ep],n_ep_[ep],x_ep_[ep],a_ep_[ep],n_fep_[ep],x_fep_[ep],a_fep_[ep],x_Al(M1)_[ep],x_Fe(M1)_[ep],x_Al(M3)_[ep],x_Fe(M3)_[ep],n_[mu],n_mu_[mu],x_mu_[mu],a_mu_[mu],n_cel_[mu],x_cel_[mu],a_cel_[mu],n_fcel_[mu],x_fcel_[mu],a_fcel_[mu],n_pa_[mu],x_pa_[mu],a_pa_[mu],n_mat_[mu],x_mat_[mu],a_mat_[mu],n_fmu1_[mu],x_fmu1_[mu],a_fmu1_[mu],x_K(A)_[mu],x_Na(A)_[mu],x_Ca(A)_[mu],x_Al(M2A)_[mu],x_Mg(M2A)_[mu],x_Fe(M2A)_[mu],x_Al(M2B)_[mu],x_F3(M2B)_[mu],x_Si(T1)_[mu],x_Al(T1)_[mu],n_[daph],n_clin_[daph],x_clin_[daph],a_clin_[daph],n_afchl_[daph],x_afchl_[daph],a_afchl_[daph],n_ames_[daph],x_ames_[daph],a_ames_[daph],n_daph_[daph],x_daph_[daph],a_daph_[daph],n_ochl1_[daph],x_ochl1_[daph],a_ochl1_[daph],n_ochl4_[daph],x_ochl4_[daph],a_ochl4_[daph],n_f3clin_[daph],x_f3clin_[daph],a_f3clin_[daph],n_mmchl_[daph],x_mmchl_[daph],a_mmchl_[daph],x_Mg(M1)_[daph],x_Al(M1)_[daph],x_Fe(M1)_[daph],x_Mn(M1)_[daph],x_Mg(M23)_[daph],x_Fe(M23)_[daph],x_Mn(M23)_[daph],x_Al(M4)_[daph],x_Mg(M4)_[daph],x_Fe(M4)_[daph],x_F3(M4)_[daph],x_Si(T2)_[daph],x_Al(T2)_[daph],n_H2O,n_q,n_ru,mvol_[abM],V_[abM],rho_[abM],Si_pfu_[abM],Al_pfu_[abM],mvol_[ep],V_[ep],rho_[ep],Al_pfu_[ep],mvol_[mu],V_[mu],rho_[mu],Mg#_[mu],Si_pfu_[mu],Al_pfu_[mu],mvol_[daph],V_[daph],rho_[daph],Mg#_[daph],Si_pfu_[daph],Al_pfu_[daph],mvol_q,V_q,rho_q,mvol_ru,V_ru,rho_ru,mvol_H2O,V_H2O,rho_H2O,n_H2O_[ep],wt_H2O_[ep],n_H2O_[mu],wt_H2O_[mu],n_H2O_[daph],wt_H2O_[daph],n_H2O_H2O,wt_H2O_H2O,n_[alm],n_py_[alm],x_py_[alm],a_py_[alm],n_alm_[alm],x_alm_[alm],a_alm_[alm],n_spss_[alm],x_spss_[alm],a_spss_[alm],n_gr_[alm],x_gr_[alm],a_gr_[alm],n_kho_[alm],x_kho_[alm],a_kho_[alm],x_Mg(X)_[alm],x_Fe(X)_[alm],x_Mn(X)_[alm],x_Ca(X)_[alm],x_Al(Y)_[alm],x_F3(Y)_[alm],n_[ab],n_ab_[ab],x_ab_[ab],a_ab_[ab],n_an_[ab],x_an_[ab],a_an_[ab],n_san_[ab],x_san_[ab],a_san_[ab],x_Na(A)_[ab],x_K(A)_[ab],x_Ca(A)_[ab],x_Al(T)_[ab],x_Si(T)_[ab],n_[annm],n_phl_[annm],x_phl_[annm],a_phl_[annm],n_annm_[annm],x_annm_[annm],a_annm_[annm],n_obi_[annm],x_obi_[annm],a_obi_[annm],n_east_[annm],x_east_[annm],a_east_[annm],n_tbi_[annm],x_tbi_[annm],a_tbi_[annm],n_fbi_[annm],x_fbi_[annm],a_fbi_[annm],n_mmbi_[annm],x_mmbi_[annm],a_mmbi_[annm],x_Mg(M3)_[annm],x_Fe(M3)_[annm],x_Al(M3)_[annm],x_Ti(M3)_[annm],x_F3(M3)_[annm],x_Mn(M3)_[annm],x_Mg(M12)_[annm],x_Fe(M12)_[annm],x_Mn(M12)_[annm],x_Si(T)_[annm],x_Al(T)_[annm],x_OH(V)_[annm],x_O(V)_[annm],n_[ames],n_clin_[ames],x_clin_[ames],a_clin_[ames],n_afchl_[ames],x_afchl_[ames],a_afchl_[ames],n_ames_[ames],x_ames_[ames],a_ames_[ames],n_daph_[ames],x_daph_[ames],a_daph_[ames],n_ochl1_[ames],x_ochl1_[ames],a_ochl1_[ames],n_ochl4_[ames],x_ochl4_[ames],a_ochl4_[ames],n_f3clin_[ames],x_f3clin_[ames],a_f3clin_[ames],n_mmchl_[ames],x_mmchl_[ames],a_mmchl_[ames],x_Mg(M1)_[ames],x_Al(M1)_[ames],x_Fe(M1)_[ames],x_Mn(M1)_[ames],x_Mg(M23)_[ames],x_Fe(M23)_[ames],x_Mn(M23)_[ames],x_Al(M4)_[ames],x_Mg(M4)_[ames],x_Fe(M4)_[ames],x_F3(M4)_[ames],x_Si(T2)_[ames],x_Al(T2)_[ames],n_[imt],n_imt_[imt],x_imt_[imt],a_imt_[imt],n_dmt_[imt],x_dmt_[imt],a_dmt_[imt],n_usp_[imt],x_usp_[imt],a_usp_[imt],x_F3(M)_[imt],x_Fe(M)_[imt],x_Ti(M)_[imt],x_F3(T)_[imt],x_Fe(T)_[imt],n_[oilm1],n_oilm1_[oilm1],x_oilm1_[oilm1],a_oilm1_[oilm1],n_dilm1_[oilm1],x_dilm1_[oilm1],a_dilm1_[oilm1],n_dhem1_[oilm1],x_dhem1_[oilm1],a_dhem1_[oilm1],x_Fe(A)_[oilm1],x_Ti(A)_[oilm1],x_F3(A)_[oilm1],x_Ti(B)_[oilm1],x_Fe(B)_[oilm1],x_F3(B)_[oilm1],mvol_[alm],V_[alm],rho_[alm],Mg#_[alm],Al_pfu_[alm],mvol_[ab],V_[ab],rho_[ab],Si_pfu_[ab],Al_pfu_[ab],mvol_[annm],V_[annm],rho_[annm],Mg#_[annm],Si_pfu_[annm],Al_pfu_[annm],mvol_[ames],V_[ames],rho_[ames],Mg#_[ames],Si_pfu_[ames],Al_pfu_[ames],mvol_[imt],V_[imt],rho_[imt],mvol_[oilm1],V_[oilm1],rho_[oilm1],n_H2O_[annm],wt_H2O_[annm],n_H2O_[ames],wt_H2O_[ames],n_[h2oL],n_q4L_[h2oL],x_q4L_[h2oL],a_q4L_[h2oL],n_abL_[h2oL],x_abL_[h2oL],a_abL_[h2oL],n_kspL_[h2oL],x_kspL_[h2oL],a_kspL_[h2oL],n_anL_[h2oL],x_anL_[h2oL],a_anL_[h2oL],n_slL_[h2oL],x_slL_[h2oL],a_slL_[h2oL],n_fo2L_[h2oL],x_fo2L_[h2oL],a_fo2L_[h2oL],n_fa2L_[h2oL],x_fa2L_[h2oL],a_fa2L_[h2oL],n_h2oL_[h2oL],x_h2oL_[h2oL],a_h2oL_[h2oL],n_[hcrd],n_crd_[hcrd],x_crd_[hcrd],a_crd_[hcrd],n_fcrd_[hcrd],x_fcrd_[hcrd],a_fcrd_[hcrd],n_hcrd_[hcrd],x_hcrd_[hcrd],a_hcrd_[hcrd],n_mncd_[hcrd],x_mncd_[hcrd],a_mncd_[hcrd],x_Mg(X)_[hcrd],x_Fe(X)_[hcrd],x_Mn(X)_[hcrd],x_V(H)_[hcrd],x_H2O(H)_[hcrd],n_sill,mvol_[h2oL],V_[h2oL],rho_[h2oL],Mg#_[h2oL],Si_pfu_[h2oL],Al_pfu_[h2oL],mvol_[hcrd],V_[hcrd],rho_[hcrd],Mg#_[hcrd],mvol_sill,V_sill,rho_sill,n_H2O_[h2oL],wt_H2O_[h2oL],n_H2O_[hcrd],wt_H2O_[hcrd],n_[usp],n_imt_[usp],x_imt_[usp],a_imt_[usp],n_dmt_[usp],x_dmt_[usp],a_dmt_[usp],n_usp_[usp],x_usp_[usp],a_usp_[usp],x_F3(M)_[usp],x_Fe(M)_[usp],x_Ti(M)_[usp],x_F3(T)_[usp],x_Fe(T)_[usp],mvol_[usp],V_[usp],rho_[usp],n_[dilm1],n_oilm1_[dilm1],x_oilm1_[dilm1],a_oilm1_[dilm1],n_dilm1_[dilm1],x_dilm1_[dilm1],a_dilm1_[dilm1],n_dhem1_[dilm1],x_dhem1_[dilm1],a_dhem1_[dilm1],x_Fe(A)_[dilm1],x_Ti(A)_[dilm1],x_F3(A)_[dilm1],x_Ti(B)_[dilm1],x_Fe(B)_[dilm1],x_F3(B)_[dilm1],mvol_[dilm1],V_[dilm1],rho_[dilm1],n_[an],n_ab_[an],x_ab_[an],a_ab_[an],n_an_[an],x_an_[an],a_an_[an],n_san_[an],x_san_[an],a_san_[an],x_Na(A)_[an],x_K(A)_[an],x_Ca(A)_[an],x_Al(T)_[an],x_Si(T)_[an],mvol_[an],V_[an],rho_[an],Si_pfu_[an],Al_pfu_[an],n_[pa],n_mu_[pa],x_mu_[pa],a_mu_[pa],n_cel_[pa],x_cel_[pa],a_cel_[pa],n_fcel_[pa],x_fcel_[pa],a_fcel_[pa],n_pa_[pa],x_pa_[pa],a_pa_[pa],n_mat_[pa],x_mat_[pa],a_mat_[pa],n_fmu1_[pa],x_fmu1_[pa],a_fmu1_[pa],x_K(A)_[pa],x_Na(A)_[pa],x_Ca(A)_[pa],x_Al(M2A)_[pa],x_Mg(M2A)_[pa],x_Fe(M2A)_[pa],x_Al(M2B)_[pa],x_F3(M2B)_[pa],x_Si(T1)_[pa],x_Al(T1)_[pa],mvol_[pa],V_[pa],rho_[pa],Mg#_[pa],Si_pfu_[pa],Al_pfu_[pa],n_H2O_[pa],wt_H2O_[pa],n_[fstp],n_fstp_[fstp],x_fstp_[fstp],a_fstp_[fstp],n_mstp_[fstp],x_mstp_[fstp],a_mstp_[fstp],x_Fe(M)_[fstp],x_Mg(M)_[fstp],n_[spss],n_py_[spss],x_py_[spss],a_py_[spss],n_alm_[spss],x_alm_[spss],a_alm_[spss],n_spss_[spss],x_spss_[spss],a_spss_[spss],n_gr_[spss],x_gr_[spss],a_gr_[spss],n_kho_[spss],x_kho_[spss],a_kho_[spss],x_Mg(X)_[spss],x_Fe(X)_[spss],x_Mn(X)_[spss],x_Ca(X)_[spss],x_Al(Y)_[spss],x_F3(Y)_[spss],n_[dhem1],n_oilm1_[dhem1],x_oilm1_[dhem1],a_oilm1_[dhem1],n_dilm1_[dhem1],x_dilm1_[dhem1],a_dilm1_[dhem1],n_dhem1_[dhem1],x_dhem1_[dhem1],a_dhem1_[dhem1],x_Fe(A)_[dhem1],x_Ti(A)_[dhem1],x_F3(A)_[dhem1],x_Ti(B)_[dhem1],x_Fe(B)_[dhem1],x_F3(B)_[dhem1],mvol_[fstp],V_[fstp],rho_[fstp],Mg#_[fstp],mvol_[spss],V_[spss],rho_[spss],Mg#_[spss],Al_pfu_[spss],mvol_[dhem1],V_[dhem1],rho_[dhem1],n_H2O_[fstp],wt_H2O_[fstp],n_ky,mvol_ky,V_ky,rho_ky,n_[py],n_py_[py],x_py_[py],a_py_[py],n_alm_[py],x_alm_[py],a_alm_[py],n_spss_[py],x_spss_[py],a_spss_[py],n_gr_[py],x_gr_[py],a_gr_[py],n_kho_[py],x_kho_[py],a_kho_[py],x_Mg(X)_[py],x_Fe(X)_[py],x_Mn(X)_[py],x_Ca(X)_[py],x_Al(Y)_[py],x_F3(Y)_[py],n_[ospr],n_spr4_[ospr],x_spr4_[ospr],a_spr4_[ospr],n_spr5_[ospr],x_spr5_[ospr],a_spr5_[ospr],n_fspm_[ospr],x_fspm_[ospr],a_fspm_[ospr],n_spro_[ospr],x_spro_[ospr],a_spro_[ospr],n_ospr_[ospr],x_ospr_[ospr],a_ospr_[ospr],x_Mg(M3)_[ospr],x_Al(M3)_[ospr],x_Fe(M3)_[ospr],x_F3(M3)_[ospr],x_Mg(M456)_[ospr],x_Fe(M456)_[ospr],x_Si(T)_[ospr],x_Al(T)_[ospr],mvol_[py],V_[py],rho_[py],Mg#_[py],Al_pfu_[py],mvol_[ospr],V_[ospr],rho_[ospr],Mg#_[ospr],Si_pfu_[ospr],Al_pfu_[ospr],n_ru-,mvol_ru-,V_ru-,rho_ru-
400,4000,-88626193,-88626193,9569.3866,2180.8467,-82184522,6441670.9,-872347.39,-83056869,183.0326,60.0495,0.70572,21.2542,5.0268,3.3368,0.061798,0.63177,2.5393,4.8597,32.745,0,2084.8593,2.7859048,11.604824,209.06415,3.5994535,1.784118,1.752185,0.9821015,0.98245854,0.031933029,0.017898496,0.036056819,0.9821015,0.017898496,0.29749624,0.053902367,0.18118671,0.19836312,0.23354357,0.78503032,0.79509778,0.010050305,0.033782964,0.033920046,0.96621704,0.033782964,0.18118671,0.81881329,5.6516595,4.4746716,0.79174473,0.78624613,0.17263398,0.030545715,0.01495875,0.14797123,0.026181909,0.012821717,0.787115,0.13927148,0.76326331,0.0048444846,0.00085717914,0.062391196,0.064423155,0.01139898,0.012329508,0.85987134,0.13927148,0.00085717914,0.94327238,0.030545715,0.026181909,0.98860102,0.01139898,0.52793522,0.47206478,1.4511041,-0.27582269,-0.19007781,0.02699521,0.32016803,0.22063753,4.6568855e-07,0.17412276,0.11999329,0.01275752,0.83511677,0.57550438,0.045186147,4.4833854e-06,3.0896373e-06,4.5606344e-07,-0.32016151,-0.22063304,3.3620809e-07,0.70531666,0.48605518,0.02578629,0.0123596,0.0085173765,2.5020254e-11,0.51661799,0.11999329,0.35487134,0.0085173765,0.41597515,0.57550747,0.0085173765,0.51393724,4.4967626e-06,3.0896373e-06,0.48605518,0.44000715,0.55999285,4.767676,32.38665,0.70572,100.99002,180.17812,2.5993569,2.9821015,1.0178985,139.76098,41.578368,3.4270375,2.1474038,140.82305,795.88394,2.8200647,0.44836691,3.0558704,2.876003,216.28743,313.85558,3.0289257,0.40960463,2.8800143,1.7539162,22.848282,739.97932,2.6297076,18.964936,13.383934,4.211235,20.13281,95.986714,0.89482194,0.14874812,2.6797391,5.6516595,101.81623,5.8044164,104.56819,4.767676,85.891018,0,0,0,0,0,0,0,0,0,0,0,0,0,0,0,0,0,0,0,0,0,0,0,0,0,0,0,0,0,0,0,0,0,0,0,0,0,0,0,0,0,0,0,0,0,0,0,0,0,0,0,0,0,0,0,0,0,0,0,0,0,0,0,0,0,0,0,0,0,0,0,0,0,0,0,0,0,0,0,0,0,0,0,0,0,0,0,0,0,0,0,0,0,0,0,0,0,0,0,0,0,0,0,0,0,0,0,0,0,0,0,0,0,0,0,0,0,0,0,0,0,0,0,0,0,0,0,0,0,0,0,0,0,0,0,0,0,0,0,0,0,0,0,0,0,0,0,0,0,0,0,0,0,0,0,0,0,0,0,0,0,0,0,0,0,0,0,0,0,0,0,0,0,0,0,0,0,0,0,0,0,0,0,0,0,0,0,0,0,0,0,0,0,0,0,0,0,0,0,0,0,0,0,0,0,0,0,0,0,0,0,0,0,0,0,0,0,0,0,0,0,0,0,0,0,0,0,0,0,0,0,0,0,0,0,0,0,0,0,0,0,0,0,0,0,0,0,0,0,0,0,0,0,0,0,0,0,0,0,0,0,0,0,0,0,0,0,0,0,0,0,0,0,0,0,0,0,0,0,0,0,0,0,0,0,0,0,0,0,0,0,0,0,0,0,0,0,0,0,0,0,0,0,0,0,0,0,0,0,0,0,0,0,0,0,0,0,0,0,0,0,0,0,0,0,0,0,0,0,0,0,0,0,0,0,0,0,0,0,0,0,0,0,0,0,0,0,0,0,0,0,0,0,0,0,0,0,0,0,0,0,0,0,0,0,0,0,0,0,0,0,0,0,0,0,0,0,0,0,0,0,0,0,0,0,0,0,0,0,0,0,0,0,0,0,0,0,0,0,0,0,0,0,0,0,0,0,0,0,0,0,0,0,0,0,0,0,0,0,0,0,0,0,0,0,0,0,0,0,0,0,0,0,0,0,0,0,0,0,0,0,0,0,0,0,0,0,0,0,0,0,0,0,0
550,4000,-90187895,-90187895,11207.185,2241.5624,-80962640,9225255.6,-896633.91,-81859274,183.0326,60.0495,0.70572,21.2542,5.0268,3.3368,0.061798,0.63177,2.5393,4.8597,32.745,0,2079.3727,2.7726574,9.2273196,166.23275,2.8832881,0,0,0,0,0,0,0,0,0,0,0,0,0,0,0,0,0,0,0,0,0,0,0,4.9395531,3.6755412,0.74410401,0.77349412,0.079000341,0.015993419,0.0082189427,0.058052132,0.011752507,0.0060395597,1.0510057,0.21277344,0.70332216,0.039852202,0.0080679772,0.15725537,0.036101448,0.0073086465,0.0084248822,0.77915858,0.21277344,0.0080679772,0.97225407,0.015993419,0.011752507,0.99269135,0.0073086465,0.50983897,0.49016103,0,0,0,0,0,0,0,0,0,0,0,0,0,0,0,0,0,0,0,0,0,0,0,0,0,0,0,0,0,0,0,0,0,0,0,0,0,0,7.1451804,34.745585,0,0,0,0,0,0,0,0,0,0,141.09125,696.92772,2.8025666,0.45624344,3.0196779,2.9452675,0,0,0,0,0,0,23.071825,801.64403,2.6042284,0,0,0,22.69906,162.18888,0.79365752,0,0,4.9395531,88.987432,0,0,7.1451804,128.72243,0.0092661538,0.00070116693,0.075669684,0.0011838449,0.0051244631,0.55303022,0.17262786,0.0028732901,0.31008444,0.031507905,0.00040005853,0.043174173,0.00013461216,0.0001671751,0.018041477,4.0457634e-06,0.093711162,0.55303022,0.31008444,0.043174173,0.98195852,0.018041477,2.0881211,1.4882943,0.71274329,0.74725539,0.59071762,0.28289434,0.44416528,0.0091091592,0.0043623712,0.28045961,0.71274329,0.0043623712,0.28289434,0.32072358,0.67927642,1.0018957,0.17034763,0.17002532,0.066044967,0.50198057,0.50103078,0.10576971,-0.12983757,-0.1295919,0.10349657,0.22240269,0.22198188,0.049640907,0.067809435,0.067681133,0.0037073656,0.16307262,0.16276408,0.032338467,0.0061202956,0.0061087155,3.3101062e-07,0.17002532,0.37143887,0.22198188,0.067681133,0.16276408,0.0061087155,0.49286051,0.50103078,0.0061087155,0.30762702,0.69237298,0.93231887,0.067681133,0.83842007,-0.15837296,-0.18889453,0.054790773,0.21483553,0.25623854,2.0383923e-06,0.44905289,0.53559416,0.06062404,0.36510813,0.43547161,0.014790735,6.6923215e-05,7.9820626e-05,3.549781e-07,-0.21470973,-0.25608849,1.1047129e-06,0.17547583,0.20929346,0.017191203,0.0069634485,0.0083054412,3.6014759e-11,0.27671729,0.53559416,0.17938311,0.0083054412,0.55614313,0.43555143,0.0083054412,0.79047668,0.00015004671,7.9820626e-05,0.20929346,0.23231785,0.76768215,0.30481023,0.29293591,0.96104354,0.57568597,-0.063890099,-0.20960615,0.60954286,0.075764425,0.2485626,0.06358486,0.34078434,0.53493436,0.1242813,0.82130611,0.17869389,0.6573002,0.53536546,0.81449154,0.77969614,0.026780685,0.04074346,0.3191821,0.095154064,0.144765,0.30802307,0.83486327,0.02037173,0.144765,0.83486327,0.02037173,0.144765,117.75368,1.0911237,4.136058,0.14225192,1.963917,101.38576,211.70574,2.6316827,2.7171057,1.2828943,153.49929,153.79027,3.0482412,0.42932455,2.615254,1.6067278,213.66877,179.14419,2.9230367,0.53998765,2.4646357,2.8614351,45.986826,14.017255,4.9916375,32.028514,21.052349,4.7727826,0.93408624,16.827825,3.3536803,60.417489,0,0,0,0,0,0,0,0,0,0,0,0,0,0,0,0,0,0,0,0,0,0,0,0,0,0,0,0,0,0,0,0,0,0,0,0,0,0,0,0,0,0,0,0,0,0,0,0,0,0,0,0,0,0,0,0,0,0,0,0,0,0,0,0,0,0,0,0,0,0,0,0,0,0,0,0,0,0,0,0,0,0,0,0,0,0,0,0,0,0,0,0,0,0,0,0,0,0,0,0,0,0,0,0,0,0,0,0,0,0,0,0,0,0,0,0,0,0,0,0,0,0,0,0,0,0,0,0,0,0,0,0,0,0,0,0,0,0,0,0,0,0,0,0,0,0,0,0,0,0,0,0,0,0,0,0,0,0,0,0,0,0,0,0,0,0,0,0,0,0,0,0,0,0,0,0,0,0,0,0,0,0,0,0,0,0,0,0,0,0,0,0,0,0,0,0,0,0,0,0,0,0,0,0,0,0,0,0,0,0,0,0,0,0,0,0,0,0,0,0,0,0,0,0,0,0,0,0,0,0,0,0,0,0,0,0,0,0,0,0,0,0,0,0,0,0,0,0,0,0,0,0,0,0,0,0,0,0,0,0,0,0,0,0,0,0,0,0,0,0,0,0,0,0,0,0,0,0,0,0,0
700,4000,-92019516,-92019516,13224.694,2383.1686,-79149812,12869704,-953276.97,-80103089,183.0326,60.0495,0.70572,21.2542,5.0268,3.3368,0.061798,0.63177,2.5393,4.8597,32.745,0,2253.5389,2.5755731,11.379167,204.99888,3.5319338,0,0,0,0,0,0,0,0,0,0,0,0,0,0,0,0,0,0,0,0,0,0,0,0,0,0,0,0,0,0,0,0,0,0,0,0,0,0,0,0,0,0,0,0,0,0,0,0,0,0,0,0,0,0,0,0,0,0,0,0,0,0,0,0,0,0,0,0,0,0,0,0,0,0,0,0,0,0,0,0,0,0,0,0,0,0,0,0,0,0,4.993333,21.970774,0,0,0,0,0,0,0,0,0,0,0,0,0,0,0,0,0,0,0,0,0,0,23.51857,516.72119,2.5547599,0,0,0,25.960395,129.6289,0.69395246,0,0,0,0,0,0,4.993333,89.956292,0,0,0,0,0,0,0,0,0,0,0,0,0,0,0,0,0,0,0,0,0,0,1.1195756,0.5926609,0.52936211,0.5680867,0.51461654,0.45965323,0.55864051,0.012298161,0.010984663,0.67952084,0.52936211,0.010984663,0.45965323,0.36491331,0.63508669,2.7294942,0.42802816,0.15681592,0.052926893,1.2670332,0.46420072,0.057063644,-0.50712067,-0.18579291,0.069489794,0.72458506,0.26546495,0.055539418,0.34240042,0.12544464,0.010259674,0.4541273,0.16637782,0.032261921,0.020440784,0.0074888539,4.6760457e-07,0.15681592,0.27840781,0.26546495,0.12544464,0.16637782,0.0074888539,0.52831043,0.46420072,0.0074888539,0.28407861,0.71592139,0.87455536,0.12544464,0,0,0,0,0,0,0,0,0,0,0,0,0,0,0,0,0,0,0,0,0,0,0,0,0,0,0,0,0,0,0,0,0,0,0,0,0,0,0.31078581,0.18024049,0.57995083,0.49135034,0.036616198,0.11781811,0.55899949,0.093929124,0.30223106,0.097093522,0.36852082,0.48036365,0.15111553,0.65849624,0.34150376,0.33716212,0.23510881,0.69731681,0.70559056,0.034281641,0.10167703,0.41044331,0.067771664,0.20100616,0.24575085,0.74815532,0.050838513,0.20100616,0.74815532,0.050838513,0.20100616,0,0,0,0,0,101.80589,113.97939,2.6496224,2.5403468,1.4596532,153.97851,420.28345,3.0146752,0.46911992,2.5681572,1.6973077,0,0,0,0,0,0,46.429419,14.429605,4.9348324,32.08962,10.819404,4.7776766,2.3870938,43.004163,0,0,16.037953,2.6020202,0.16224141,0.17274581,1.9466391,0.12137703,0.046818005,2.1179076,0.13205598,0.080867387,0.11715346,0.0073047638,0.0036997894,0.25542928,0.015926551,0.021141776,0.0037460067,0.00023357137,2.881588e-06,0.0077969317,0.00048615503,0.00013200278,8.9872607,0.56037454,0.36448718,0.0071834733,6.113913e-05,0.008511082,0.16310298,0.0020720062,0.28844072,0.046710338,0.0048125033,0.669941,0.34307488,0.0002378247,0.033107202,0.00054346821,0.67845208,0.28844072,0.033107202,0.330059,0.669941,4.9211275,57.893855,928.49893,2.1435187,0.324528,1.4507961,0.3190075,235.13159,1.6890615,2.6251055,0.70168284,50.215699,247.11786,3.2269904,8.9872607,161.90802,0.0048125033,0.086698594,0,0,0,0,0,0,0,0,0,0,0,0,0,0,0,0,0,0,0,0,0,0,0,0,0,0,0,0,0,0,0,0,0,0,0,0,0,0,0,0,0,0,0,0,0,0,0,0,0,0,0,0,0,0,0,0,0,0,0,0,0,0,0,0,0,0,0,0,0,0,0,0,0,0,0,0,0,0,0,0,0,0,0,0,0,0,0,0,0,0,0,0,0,0,0,0,0,0,0,0,0,0,0,0,0,0,0,0,0,0,0,0,0,0,0,0,0,0,0,0,0,0,0,0,0,0,0,0,0,0,0,0,0,0,0,0,0,0,0,0,0,0,0,0,0,0,0,0,0,0,0,0,0,0,0,0,0,0,0,0,0,0,0,0,0,0,0,0,0,0,0,0,0,0,0,0,0,0,0,0,0,0,0,0,0,0,0,0,0,0,0,0,0,0,0,0,0,0,0,0,0,0,0,0,0,0,0,0,0,0,0,0,0,0,0,0,0,0,0,0
850,4000,-94155807,-94155807,14924.938,2520.1962,-77392736,16763071,-1008088.5,-78400824,183.0326,60.0495,0.70572,21.2542,5.0268,3.3368,0.061798,0.63177,2.5393,4.8597,32.745,0,2520.1959,2.3387509,16.3725,294.95517,5.0042356,0,0,0,0,0,0,0,0,0,0,0,0,0,0,0,0,0,0,0,0,0,0,0,0,0,0,0,0,0,0,0,0,0,0,0,0,0,0,0,0,0,0,0,0,0,0,0,0,0,0,0,0,0,0,0,0,0,0,0,0,0,0,0,0,0,0,0,0,0,0,0,0,0,0,0,0,0,0,0,0,0,0,0,0,0,0,0,0,0,0,0,0,0,0,0,0,0,0,0,0,0,0,0,0,0,0,0,0,0,0,0,0,0,0,0,0,0,0,0,0,0,0,0,0,0,0,0,0,0,0,0,0,0,0,0,0,0,0,0,0,0,0,0,0,0,0,0,0,0,0,0,0,0,0,0,0,0,0,0,0,0,0,0,0,0,0,0,0,0,0,0,0,0,0,0,0,0,0,0,0,0,0,0,0,0,0,0,0,0,0,0,0,0,0,0,0,0,0,0,0,0,0,0,0,0,0,0,0,0,0,0,0,0,0,0,0,0,0,0,0,0,0,0,0,0,0,0,0,0,0,0,0,0,0,0,0,0,0,0,0,0,0,0,0,0,0,0,0,0,0,0,0,0,0,0,0,0.39315861,0.2805602,0.71360565,0.72551606,0.056960329,0.14487875,0.54598129,0.055638075,0.1415156,0.1117085,0.78604503,0.072439377,0.1415156,0.78604503,0.072439377,0.1415156,0,0,0,0,0,0,0,0,0,0,0,0,0,0,0,0,0,0,0,0,0,0,0,0,0,32.332856,12.711941,4.7270556,0,0,0,0,30.082792,5.6714622,0.18852845,0.17422817,2.5393,0.084410384,0.039481129,4.8597,0.16154418,0.096923506,0.63177,0.021001043,0.010964106,1.0153558,0.033752047,0.040586758,0.080712964,0.0026830277,1.5058532e-05,0.21948201,0.0072959322,0.0026075388,15.065009,0.50078493,0.30759132,2.3356304,0.19948281,0.085408553,0.19939483,0.79775729,0.34155973,0.076740098,1.3074913,0.55980231,0.2630181,0.030899,0.013229405,0.00010869258,0.64521086,0.34155973,0.013229405,0.44019769,0.55980231,0,63.774822,1918.5247,2.1913256,0.26886847,1.6079408,0.3959632,235.53767,550.12893,2.6212111,0.65386105,0,0,0,15.065009,271.40035,1.3074913,23.554821,0.82425339,0.20245768,0.24562554,0.31424725,0.25359624,0.30766782,0.37684179,0.36819947,0.44670665,0.20003731,0.32792465,0.44872203,0.22335332,0.45073742,0.54926258,47.109726,38.830352,4.8391021,0,0,0,0,0,0,0,0,0,0,0,0,0,0,0,0,0,0,0,0,0,0,0,0,0,0,0,0,0,0,0,0,0,0,0,0,0,0,0,0,0,0,0,0,0,0,0,0,0,0,0,0,0,0,0,0,0,0,0,0,0,0,0,0,0,0,0,0,0,0,0,0,0,0,0,0,0,0,0,0,0,0,0,0,0,0,0,0,0,0,0,0,0,0,0,0,0,0,0,0,0,0,0,0,0,0,0,0,0,0,0,0,0,0,0,0,0,0,0,0,0,0,0,0,0,0,0,0,0,0,0,0,0,0,0,0,0,0,0,0,0,0,0,0,0,0,0,0,0,0,0,0,0,0,0,0,0,0,0,0,0,0,0,0,0,0,0,0,0,0,0,0,0,0,0,0,0,0,0,0,0,0,0,0,0,0,0,0,0,0,0,0,0,0,0,0,0,0,0,0,0,0
1000,4000,-96488016,-96488016,16171.544,2548.1377,-75899054,20588962,-1019265.3,-76918319,183.0326,60.0495,0.70572,21.2542,5.0268,3.3368,0.061798,0.63177,2.5393,4.8597,32.745,0,2548.1376,2.3131052,16.3725,294.95517,5.0042356,0,0,0,0,0,0,0,0,0,0,0,0,0,0,0,0,0,0,0,0,0,0,0,0,0,0,0,0,0,0,0,0,0,0,0,0,0,0,0,0,0,0,0,0,0,0,0,0,0,0,0,0,0,0,0,0,0,0,0,0,0,0,0,0,0,0,0,0,0,0,0,0,0,0,0,0,0,0,0,0,0,0,0,0,0,0,0,0,0,0,0,0,0,0,0,0,0,0,0,0,0,0,0,0,0,0,0,0,0,0,0,0,0,0,0,0,0,0,0,0,0,0,0,0,0,0,0,0,0,0,0,0,0,0,0,0,0,0,0,0,0,0,0,0,0,0,0,0,0,0,0,0,0,0,0,0,0,0,0,0,0,0,0,0,0,0,0,0,0,0,0,0,0,0,0,0,0,0,0,0,0,0,0,0,0,0,0,0,0,0,0,0,0,0,0,0,0,0,0,0,0,0,0,0,0,0,0,0,0,0,0,0,0,0,0,0,0,0,0,0,0,0,0,0,0,0,0,0,0,0,0,0,0,0,0,0,0,0,0,0,0,0,0,0,0,0,0,0,0,0,0,0,0,0,0,0,0,0,0,0,0,0,0,0,0,0,0,0,0,0,0,0,0,0,0,0,0,0,0,0,0,0,0,0,0,0,0,0,0,0,0,0,0,0,0,0,0,0,0,0,0,0,0,0,33.344362,6.1663071,0.18492803,0.16602477,2.5393,0.076153804,0.038365736,4.8597,0.14574278,0.090892658,0.63177,0.018946831,0.0099391734,2.3887592,0.071639073,0.07626285,0.35109396,0.010529335,0.00019143803,0.6074953,0.018218831,0.0033696836,15.799936,0.47384132,0.27132306,1.2369077,0.39364844,0.31825208,0.3359857,0.23979659,0.19386782,0.033539849,0.57256364,0.46289926,0.29492085,0.030899,0.024980846,0.0004902199,0.78115134,0.19386782,0.024980846,0.53710074,0.46289926,0,66.334045,2211.8664,2.227342,0.36626111,1.6154144,0.48903528,235.42454,291.19841,2.5785408,0.80116512,0,0,0,15.799936,284.64028,0.57256364,10.314894,0.38812163,0.10691646,0.27547153,0.37145776,0.13079598,0.3369974,0.46374158,0.15040919,0.38753107,0.1551848,0.3624007,0.44383377,0.19376554,0.50013646,0.49986354,47.30781,18.361184,4.8288196,0.82929037,0.0011545983,0.0013922726,0.5481608,0.55415621,0.66822941,0.50224748,0.27397956,0.33037832,0.173934,0.33550698,0.3341147,0.33037832,0.33550698,0.3341147,0.33037832,32.210205,26.711613,4.7918341,0,0,0,0,0,0,0,0,0,0,0,0,0,0,0,0,0,0,0,0,0,0,0,0,0,0,0,0,0,0,0,0,0,0,0,0,0,0,0,0,0,0,0,0,0,0,0,0,0,0,0,0,0,0,0,0,0,0,0,0,0,0,0,0,0,0,0,0,0,0,0,0,0,0,0,0,0,0,0,0,0,0,0,0,0,0,0,0,0,0,0,0,0,0,0,0,0,0,0,0,0,0,0,0,0,0,0,0,0,0,0,0,0,0,0,0,0,0,0,0,0,0,0,0,0,0,0,0,0,0,0,0,0,0,0,0,0,0,0,0,0,0,0,0,0,0,0,0,0,0,0,0,0,0,0,0,0,0,0,0,0,0,0,0,0,0,0,0,0,0,0,0,0,0,0,0,0,0,0,0,0,0,0
400,5500,-88300140,-88300140,9543.6094,2166.8987,-81875821,6424318.8,-1191806.2,-83067627,183.0326,60.0495,0.70572,21.2542,5.0268,3.3368,0.061798,0.63177,2.5393,4.8597,32.745,0,2077.165,2.7967277,11.662868,210.10984,3.6168059,1.6141585,1.5981234,0.99006594,0.99017779,0.016035144,0.0099340578,0.02037096,0.99006594,0.0099340578,0.30584397,0.05430212,0.17754844,0.19445178,0.24095846,0.78784766,0.79777082,0.010583394,0.034603898,0.034857862,0.9653961,0.034603898,0.17754844,0.82245156,5.8049236,4.3976122,0.75756591,0.75119749,0.21381187,0.036832849,0.020568191,0.18397849,0.031693524,0.01769829,0.94117665,0.1621342,0.91915784,0.0040469112,0.00069715151,0.045243267,0.064297467,0.011076368,0.011881403,0.83716865,0.1621342,0.00069715151,0.93147363,0.036832849,0.031693524,0.98892363,0.011076368,0.53391461,0.46608539,1.4262557,-0.23534753,-0.16501075,0.026871597,0.30661396,0.21497825,5.8097235e-07,0.12706661,0.089091044,0.010136711,0.8252042,0.57858081,0.046957091,4.7271421e-06,3.314372e-06,5.9398335e-07,-0.30660712,-0.21497345,4.2306381e-07,0.69696129,0.48866502,0.025889401,0.0123596,0.0086657671,2.7290434e-11,0.53863583,0.089091044,0.36360736,0.0086657671,0.41275011,0.57858412,0.0086657671,0.51132687,4.7934078e-06,3.314372e-06,0.48866502,0.45545853,0.54454147,4.7096315,32.345301,0.70572,100.70903,162.56033,2.6053454,2.9900659,1.0099341,139.61097,42.699174,3.4316418,2.1429445,140.26536,814.22971,2.8296923,0.4627083,3.0678292,2.852568,216.07316,308.17558,3.0352298,0.40880088,2.9109171,1.6895009,22.758349,736.12564,2.6400993,18.95172,13.374608,4.2141715,19.053072,89.73295,0.94553149,0.15292199,2.7549324,5.8049236,104.57732,5.705023,102.77759,4.7096315,84.84533,0,0,0,0,0,0,0,0,0,0,0,0,0,0,0,0,0,0,0,0,0,0,0,0,0,0,0,0,0,0,0,0,0,0,0,0,0,0,0,0,0,0,0,0,0,0,0,0,0,0,0,0,0,0,0,0,0,0,0,0,0,0,0,0,0,0,0,0,0,0,0,0,0,0,0,0,0,0,0,0,0,0,0,0,0,0,0,0,0,0,0,0,0,0,0,0,0,0,0,0,0,0,0,0,0,0,0,0,0,0,0,0,0,0,0,0,0,0,0,0,0,0,0,0,0,0,0,0,0,0,0,0,0,0,0,0,0,0,0,0,0,0,0,0,0,0,0,0,0,0,0,0,0,0,0,0,0,0,0,0,0,0,0,0,0,0,0,0,0,0,0,0,0,0,0,0,0,0,0,0,0,0,0,0,0,0,0,0,0,0,0,0,0,0,0,0,0,0,0,0,0,0,0,0,0,0,0,0,0,0,0,0,0,0,0,0,0,0,0,0,0,0,0,0,0,0,0,0,0,0,0,0,0,0,0,0,0,0,0,0,0,0,0,0,0,0,0,0,0,0,0,0,0,0,0,0,0,0,0,0,0,0,0,0,0,0,0,0,0,0,0,0,0,0,0,0,0,0,0,0,0,0,0,0,0,0,0,0,0,0,0,0,0,0,0,0,0,0,0,0,0,0,0,0,0,0,0,0,0,0,0,0,0,0,0,0,0,0,0,0,0,0,0,0,0,0,0,0,0,0,0,0,0,0,0,0,0,0,0,0,0,0,0,0,0,0,0,0,0,0,0,0,0,0,0,0,0,0,0,0,0,0,0,0,0,0,0,0,0,0,0,0,0,0,0,0,0,0,0,0,0,0,0,0,0,0,0,0,0,0,0,0,0,0,0,0,0,0,0,0,0,0,0,0,0,0,0,0,0,0,0,0,0,0,0,0,0,0,0,0,0,0,0,0,0,0,0,0,0,0,0,0,0,0,0,0,0,0,0,0,0,0,0,0,0,0,0,0,0,0,0,0,0,0
550,5500,-89853548,-89853548,11156.119,2217.5403,-80670327,9183220.9,-1219659.4,-81889986,183.0326,60.0495,0.70572,21.2542,5.0268,3.3368,0.061798,0.63177,2.5393,4.8597,32.745,0,2073.7293,2.7827558,9.5211951,171.527,2.9723868,0,0,0,0,0,0,0,0,0,0,0,0,0,0,0,0,0,0,0,0,0,0,0,5.1853112,3.8012742,0.73308507,0.7567815,0.12225881,0.023577912,0.012413399,0.092824539,0.017901441,0.0094248272,1.0754349,0.20740027,0.74052852,0.047876031,0.0092330102,0.1745957,0.045642683,0.0088023036,0.0096713923,0.78336672,0.20740027,0.0092330102,0.95852065,0.023577912,0.017901441,0.9911977,0.0088023036,0.51612317,0.48387683,0.90018408,-0.075588512,-0.083970061,0.057355279,0.19686308,0.21869203,2.9411563e-06,0.34898197,0.38767845,0.04605879,0.40362437,0.44837981,0.018586298,4.6564774e-05,5.1728057e-05,6.1484984e-07,-0.19677847,-0.21859803,1.6532829e-06,0.21628523,0.24026778,0.021114652,0.0067498504,0.0074983001,1.9384348e-11,0.37504147,0.38767845,0.22978178,0.0074983001,0.54407016,0.44843154,0.0074983001,0.7595865,9.3992727e-05,5.1728057e-05,0.24026778,0.30623364,0.69376636,6.8513049,34.231686,0,0,0,0,0,0,0,0,0,0,140.68945,729.5186,2.8127161,0.46891677,3.0322463,2.917472,214.13102,192.75733,2.9342467,0.52986232,2.6124673,2.5347977,22.962457,786.04362,2.616632,0,0,0,20.990187,143.81017,0.85827152,0,0,5.1853112,93.414833,3.6007363,64.868273,6.8513049,123.42818,0.017885453,0.0010151511,0.056758477,0.0010649165,0.0099799339,0.55799167,0.17741872,0.0048590929,0.27167849,0.020800873,0.0015147794,0.084693375,0.00077809472,0.00051649585,0.028877985,5.010079e-06,0.085636462,0.55799167,0.27167849,0.084693375,0.97112201,0.028877985,2.0510817,1.4638651,0.71370395,0.74824501,0.57934963,0.28246054,0.44085286,0.0078669349,0.0038355055,0.26290608,0.71370395,0.0038355055,0.28246054,0.32061513,0.67938487,0.78983284,0.1480667,0.18746587,0.071432829,0.40277466,0.50994924,0.12327418,-0.07426315,-0.094023882,0.11476293,0.13533437,0.17134559,0.037195694,0.054685215,0.069236441,0.0035998203,0.11874455,0.15034137,0.028430472,0.0044904898,0.0056853673,2.7338482e-07,0.18746587,0.41592536,0.17134559,0.069236441,0.15034137,0.0056853673,0.48436539,0.50994924,0.0056853673,0.33915652,0.66084348,0.93076356,0.069236441,0,0,0,0,0,0,0,0,0,0,0,0,0,0,0,0,0,0,0,0,0,0,0,0,0,0,0,0,0,0,0,0,0,0,0,0,0,0,0.27397985,0.2608116,0.95193715,0.59410101,-0.051736457,-0.18883307,0.62904091,0.064904708,0.23689591,0.057635331,0.35007986,0.53147218,0.11844796,0.82604844,0.17395156,0.6978942,0.55588374,0.79651577,0.76664353,0.030246341,0.043339436,0.31383879,0.11176413,0.1601448,0.33838975,0.81818549,0.021669718,0.1601448,0.81818549,0.021669718,0.1601448,118.06711,2.1116838,4.1210987,0.12918846,1.942244,101.12029,207.40598,2.6384389,2.7175395,1.2824605,153.19183,120.99594,3.0641674,0.42160616,2.678313,1.4930325,0,0,0,0,0,0,45.918855,12.580841,5.0010534,31.975229,22.315327,4.7845735,0.73514763,13.24389,0,0,0,0,0,0,0,0,0,0,0,0,0,0,0,0,0,0,0,0,0,0,0,0,0,0,0,0,0,0,0,0,0,0,0,0,0,0,0,0,0,0,0,0,0,0,0,0,0,0,0,0,0,0,0,0,0,0,0,0,0,0,0,0,0,0,0,0,0,0,0,0,0,0,0,0,0,0,0,0,0,0,0,0,0,0,0,0,0,0,0,0,0,0,0,0,0,0,0,0,0,0,0,0,0,0,0,0,0,0,0,0,0,0,0,0,0,0,0,0,0,0,0,0,0,0,0,0,0,0,0,0,0,0,0,0,0,0,0,0,0,0,0,0,0,0,0,0,0,0,0,0,0,0,0,0,0,0,0,0,0,0,0,0,0,0,0,0,0,0,0,0,0,0,0,0,0,0,0,0,0,0,0,0,0,0,0,0,0,0,0,0,0,0,0,0,0,0,0,0,0,0,0,0,0,0,0,0,0,0,0,0,0,0,0,0,0,0,0,0,0,0,0,0,0,0,0,0,0,0,0,0,0,0,0,0,0,0,0,0,0,0,0,0,0,0,0,0,0,0,0,0,0,0,0,0,0,0,0,0,0,0,0,0,0,0,0,0,0,0,0,0,0,0,0,0,0,0,0,0,0,0,0
700,5500,-91665297,-91665297,13181.353,2341.2373,-78837771,12827526,-1287693.4,-80125464,183.0326,60.0495,0.70572,21.2542,5.0268,3.3368,0.061798,0.63177,2.5393,4.8597,32.745,0,2275.2624,2.568076,13.538029,243.89138,4.1740447,0,0,0,0,0,0,0,0,0,0,0,0,0,0,0,0,0,0,0,0,0,0,0,0,0,0,0,0,0,0,0,0,0,0,0,0,0,0,0,0,0,0,0,0,0,0,0,0,0,0,0,0,0,0,0,0,0,0,0,0,0,0,0,0,0,0,0,0,0,0,0,0,0,0,0,0,0,0,0,0,0,0,0,0,0,0,0,0,0,0,2.8344713,22.423807,0,0,0,0,0,0,0,0,0,0,0,0,0,0,0,0,0,0,0,0,0,0,23.373132,524.1146,2.5706568,0,0,0,23.275591,65.973994,0.77399881,0,0,0,0,0,0,2.8344713,51.063793,0,0,0,0,0,0,0,0,0,0,0,0,0,0,0,0,0,0,0,0,0,0,0,0,0,0,0,0,0,0,0,0,0,0,0,0,0,2.7544385,0.43400591,0.15756602,0.052865261,1.2907996,0.46862531,0.059354543,-0.51132803,-0.18563785,0.070352872,0.71312077,0.25889878,0.053738603,0.33443738,0.12141762,0.0094001749,0.47280355,0.17165152,0.032941635,0.020599333,0.0074785962,4.6969043e-07,0.15756602,0.28298746,0.25889878,0.12141762,0.17165152,0.0074785962,0.5238961,0.46862531,0.0074785962,0.28472485,0.71527515,0.87858238,0.12141762,0,0,0,0,0,0,0,0,0,0,0,0,0,0,0,0,0,0,0,0,0,0,0,0,0,0,0,0,0,0,0,0,0,0,0,0,0,0,0.2350509,0.14141545,0.60163759,0.52568874,0.028648937,0.12188397,0.59806559,0.064986505,0.27647844,0.0822441,0.38207478,0.479686,0.13823922,0.68289357,0.31710643,0.41152195,0.2547334,0.6190032,0.67185359,0.051562715,0.12529761,0.39081845,0.10522583,0.2556992,0.29065755,0.681652,0.062648803,0.2556992,0.681652,0.062648803,0.2556992,0,0,0,0,0,0,0,0,0,0,153.53685,422.90781,3.0265126,0.46409057,2.5694497,1.6894491,0,0,0,0,0,0,46.325579,10.888869,4.950329,31.976648,13.159093,4.8082015,2.4200011,43.596998,0,0,18.21322,2.4946016,0.13696654,0.13597772,2.0951274,0.11503333,0.038964606,2.09814,0.11519874,0.069549476,0.1633683,0.008969765,0.0039711476,0.2307732,0.012670643,0.015415165,0.0041787363,0.00022943424,2.1856461e-06,0.009002937,0.00049430782,0.00012895877,11.118028,0.61043724,0.40972441,0,0,0,0,0,0,0,0,0,0,0,0,0,0,0,0,0,0,4.9770703,52.772202,961.15172,2.1259261,0.31701106,1.2782224,0.28871766,0,0,0,0,50.168182,249.69057,3.2300469,11.118028,200.29438,0,0,0,0,0,0,0,0,0,0,0,0,0,0,0,0,0,0,0,0,0,0,0,0,0,0,0,0,0,0,0,0,0,0,0,0,0,0,0,0.91969581,0.44417259,0.48295598,0.53248956,0.4684017,0.50930068,0.59634307,0.0071215204,0.0077433433,0.64927519,0.48295598,0.0077433433,0.50930068,0.37732517,0.62267483,101.50065,93.349723,2.6648947,2.4906993,1.5093007,0,0,0,0,0,0,0,0,0,0,0,0,0,0,0,0,0,0,0,0,0,0,0,0,0,0,0,0,0,0,0,0,0,0,0,0,0,0,0,0,0,0,0,0,0,0,0,0,0,0,0,0,0,0,0,0,0,0,0,0,0,0,0,0,0,0,0,0,0,0,0,0,0,0,0,0,0,0,0,0,0,0,0,0,0,0,0,0,0,0,0,0,0,0,0,0,0,0,0,0,0,0,0,0,0,0,0,0,0,0,0,0,0,0,0,0,0,0,0,0,0,0,0,0,0,0,0,0,0,0,0,0,0,0,0,0,0,0,0,0,0,0,0,0,0,0,0,0,0,0,0,0,0,0,0,0,0,0,0,0,0,0,0
850,5500,-93779561,-93779561,14891.03,2493.7241,-77054575,16724987,-1371562,-78426137,183.0326,60.0495,0.70572,21.2542,5.0268,3.3368,0.061798,0.63177,2.5393,4.8597,32.745,0,2493.7239,2.3635778,16.3725,294.95517,5.0042356,0,0,0,0,0,0,0,0,0,0,0,0,0,0,0,0,0,0,0,0,0,0,0,0,0,0,0,0,0,0,0,0,0,0,0,0,0,0,0,0,0,0,0,0,0,0,0,0,0,0,0,0,0,0,0,0,0,0,0,0,0,0,0,0,0,0,0,0,0,0,0,0,0,0,0,0,0,0,0,0,0,0,0,0,0,0,0,0,0,0,0,0,0,0,0,0,0,0,0,0,0,0,0,0,0,0,0,0,0,0,0,0,0,0,0,0,0,0,0,0,0,0,0,0,0,0,0,0,0,0,0,0.13980245,0.028705032,0.20532567,0.016132786,0.094669026,0.67716287,0.29500151,0.0068408881,0.048932535,0.00012542224,0.0044192693,0.031610815,7.70577e-05,0.0051682311,0.036968102,9.5901623e-05,0.24229378,0.67716287,0.048932535,0.031610815,0.9630319,0.036968102,0,0,0,0,0,0,0,0,0,0,0,0,0,0,0,0,0,0,0,0,0,0,0,0,0,0,0,0,0,0,0,0,0,0,0,0,0,0,0,0,0,0,0,0,0,0,0,0,0,0,0,0,0,0,0,0,0,0,0,0,0,0,0,0,0,0,0,0,0,0,0,0,0,0,0,0,0,0,0,0,0,0,0,0,0,0,0,0,0,0,0,0,0,0,0,0,0,0,0,0,0,0,0,0.50219849,0.33411339,0.66530146,0.69534111,0.081156025,0.16160149,0.52327337,0.086929077,0.17309705,0.14044421,0.7461022,0.080800746,0.17309705,0.7461022,0.080800746,0.17309705,117.64638,16.447252,4.0403047,0.25663939,1.9260638,0,0,0,0,0,0,0,0,0,0,0,0,0,0,0,0,0,0,0,0,32.253159,16.197488,4.746548,0,0,0,0,30.080639,5.7016989,0.18954713,0.16746771,2.5393,0.084416425,0.042024892,4.8597,0.16155574,0.098278512,0.61851219,0.020561804,0.010195779,1.0935525,0.036354031,0.044290781,0.077976836,0.00259226,1.4275262e-05,0.21085555,0.0070096765,0.0025318948,14.979043,0.49796293,0.29959785,2.2123848,0.068179342,0.030817126,0.17404071,0.73011073,0.33001073,0.061545086,1.3934571,0.6298439,0.30679376,0.020637668,0.009328245,4.577731e-05,0.66066103,0.33001073,0.009328245,0.3701561,0.6298439,0,63.40982,1907.4079,2.2135437,0.26997262,1.614599,0.40342868,235.18399,520.31749,2.6264043,0.66688187,0,0,0,14.979043,269.85165,1.3934571,25.10352,0.71004528,0.20795354,0.29287363,0.35523643,0.21164116,0.29806713,0.42599555,0.29045059,0.40905925,0.16978712,0.34514823,0.45032215,0.20452962,0.49158504,0.50841496,46.974137,33.353764,4.8594639,0,0,0,0,0,0,0,0,0,0,0,0,0,0,0,0,0,0,0,0,0,0,0,0,0,0,0,0,0,0,0,0,0,0,0,0,0,0,0,0,0,0,0,0,0,0,0,0,0,0,0,0,0,0,0,0,0,0,0,0,0,0,0,0,0,0,0,0,0,0,0,0,0,0,0,0,0,0,0,0,0,0,0,0,0,0,0,0,0,0,0,0,0,0,0,0,0,0,0,0,0,0,0,0,0,0,0,0,0,0,0,0,0,0,0,0,0,0,0,0,0,0,0,0,0,0,0,0,0,0,0,0,0,0,0,0,0,0,0,0,0,0,0,0,0,0,0,0,0,0,0,0,0,0,0,0,0,0,0,0,0,0,0,0,0,0,0,0,0,0,0,0,0,0,0,0,0,0,0,0,0,0,0,0,0,0,0,0,0,0,0,0,0,0,0,0,0,0,0,0,0,0
1000,5500,-96107622,-96107622,16145.695,2524.0786,-75551569,20556053,-1388257.1,-76939826,183.0326,60.0495,0.70572,21.2542,5.0268,3.3368,0.061798,0.63177,2.5393,4.8597,32.745,0,2524.0785,2.3351534,16.3725,294.95517,5.0042356,0,0,0,0,0,0,0,0,0,0,0,0,0,0,0,0,0,0,0,0,0,0,0,0,0,0,0,0,0,0,0,0,0,0,0,0,0,0,0,0,0,0,0,0,0,0,0,0,0,0,0,0,0,0,0,0,0,0,0,0,0,0,0,0,0,0,0,0,0,0,0,0,0,0,0,0,0,0,0,0,0,0,0,0,0,0,0,0,0,0,0,0,0,0,0,0,0,0,0,0,0,0,0,0,0,0,0,0,0,0,0,0,0,0,0,0,0,0,0,0,0,0,0,0,0,0,0,0,0,0,0,0,0,0,0,0,0,0,0,0,0,0,0,0,0,0,0,0,0,0,0,0,0,0,0,0,0,0,0,0,0,0,0,0,0,0,0,0,0,0,0,0,0,0,0,0,0,0,0,0,0,0,0,0,0,0,0,0,0,0,0,0,0,0,0,0,0,0,0,0,0,0,0,0,0,0,0,0,0,0,0,0,0,0,0,0,0,0,0,0,0,0,0,0,0,0,0,0,0,0,0,0,0,0,0,0,0,0,0,0,0,0,0,0,0,0,0,0,0,0,0,0,0,0,0,0,0,0,0,0,0,0,0,0,0,0,0,0,0,0,0,0,0,0,0,0,0,0,0,0,0,0,0,0,0,0,0,0,0,0,0,0,0,0,0,0,0,0,0,0,0,0,0,0,33.437471,6.1769765,0.18473217,0.16019232,2.5393,0.075941748,0.040153328,4.8597,0.14533695,0.091749242,0.63177,0.018894073,0.0095062024,2.460771,0.073593215,0.079273472,0.37218313,0.01113072,0.00019086417,0.65148147,0.019483575,0.0037122412,15.745289,0.47088755,0.2644547,1.1792982,0.29682254,0.25169422,0.2940731,0.22436547,0.19025338,0.028404797,0.6272112,0.53185122,0.34014745,0.030899,0.026201176,0.00047008577,0.78354544,0.19025338,0.026201176,0.46814878,0.53185122,0,65.914462,2204.0129,2.2552926,0.36357917,1.6195306,0.49456513,235.13421,277.29336,2.5863558,0.80462763,0,0,0,15.745289,283.65579,0.6272112,11.299385,0.24303916,0.071930461,0.29596243,0.40684608,0.084528036,0.34779595,0.50792166,0.086580667,0.35624163,0.13307116,0.37984518,0.44203401,0.17812081,0.52782639,0.47217361,47.185217,11.467856,4.8466557,0.97437284,0.00026668543,0.00027369957,0.50594314,0.61887265,0.63514973,0.46356592,0.3552335,0.36457657,0.20220696,0.31784857,0.31757487,0.36457657,0.31784857,0.31757487,0.36457657,32.127721,31.304379,4.8126287,0,0,0,0,0,0,0,0,0,0,0,0,0,0,0,0,0,0,0,0,0,0,0,0,0,0,0,0,0,0,0,0,0,0,0,0,0,0,0,0,0,0,0,0,0,0,0,0,0,0,0,0,0,0,0,0,0,0,0,0,0,0,0,0,0,0,0,0,0,0,0,0,0,0,0,0,0,0,0,0,0,0,0,0,0,0,0,0,0,0,0,0,0,0,0,0,0,0,0,0,0,0,0,0,0,0,0,0,0,0,0,0,0,0,0,0,0,0,0,0,0,0,0,0,0,0,0,0,0,0,0,0,0,0,0,0,0,0,0,0,0,0,0,0,0,0,0,0,0,0,0,0,0,0,0,0,0,0,0,0,0,0,0,0,0,0,0,0,0,0,0,0,0,0,0,0,0,0,0,0,0,0,0
400,7000,-87976236,-87976236,9513.0402,2151.1128,-81572495,6403741.1,-1505794,-83078289,183.0326,60.0495,0.70572,21.2542,5.0268,3.3368,0.061798,0.63177,2.5393,4.8597,32.745,0,2067.2129,2.8112059,11.779224,212.20602,3.6515716,1.267278,1.2604602,0.99462008,0.9946532,0.0068178525,0.0053799185,0.011146698,0.99462008,0.0053799185,0.31021553,0.052772163,0.17011451,0.18644063,0.24616312,0.79352288,0.80315612,0.011280246,0.03636261,0.036871832,0.96363739,0.03636261,0.17011451,0.82988549,5.5845888,4.1398644,0.74130155,0.71671782,0.33615201,0.060192794,0.032600638,0.29203208,0.052292495,0.028321758,0.74408527,0.13323904,0.96462557,0.0022728548,0.00040698696,0.027711088,0.070182233,0.012567126,0.011736981,0.86635397,0.13323904,0.00040698696,0.88751471,0.060192794,0.052292495,0.98743287,0.012567126,0.55603915,0.44396085,1.3702638,-0.20361578,-0.14859604,0.02605179,0.28714702,0.20955601,8.1782715e-07,0.077736976,0.056731394,0.0067710309,0.79967725,0.58359364,0.048894014,5.5634346e-06,4.0601194e-06,8.9802979e-07,-0.28713908,-0.20955022,6.0410722e-07,0.68409226,0.49924128,0.025987273,0.0123596,0.009019869,3.3057249e-11,0.56020531,0.056731394,0.37404342,0.009019869,0.40738243,0.5835977,0.009019869,0.50074887,5.7903789e-06,4.0601194e-06,0.49924128,0.47163923,0.52836077,4.5932761,32.237689,0.70572,100.43218,127.27549,2.6118025,2.9946201,1.0053799,139.47621,43.267685,3.4368599,2.1337519,140.09061,782.34843,2.8409964,0.48134052,3.1120783,2.7628693,215.90818,295.85117,3.0434326,0.40570136,2.9432785,1.6142018,22.671525,730.87758,2.6502099,18.938554,13.365316,4.2171013,18.265666,83.899245,0.98629201,0.15510776,2.7943098,5.5845888,100.60793,5.4810552,98.742745,4.5932761,82.749155,0,0,0,0,0,0,0,0,0,0,0,0,0,0,0,0,0,0,0,0,0,0,0,0,0,0,0,0,0,0,0,0,0,0,0,0,0,0,0,0,0,0,0,0,0,0,0,0,0,0,0,0,0,0,0,0,0,0,0,0,0,0,0,0,0,0,0,0,0,0,0,0,0,0,0,0,0,0,0,0,0,0,0,0,0,0,0,0,0,0,0,0,0,0,0,0,0,0,0,0,0,0,0,0,0,0,0,0,0,0,0,0,0,0,0,0,0,0,0,0,0,0,0,0,0,0,0,0,0,0,0,0,0,0,0,0,0,0,0,0,0,0,0,0,0,0,0,0,0,0,0,0,0,0,0,0,0,0,0,0,0,0,0,0,0,0,0,0,0,0,0,0,0,0,0,0,0,0,0,0,0,0,0,0,0,0,0,0,0,0,0,0,0,0,0,0,0,0,0,0,0,0,0,0,0,0,0,0,0,0,0,0,0,0,0,0,0,0,0,0,0,0,0,0,0,0,0,0,0,0,0,0,0,0,0,0,0,0,0,0,0,0,0,0,0,0,0,0,0,0,0,0,0,0,0,0,0,0,0,0,0,0,0,0,0,0,0,0,0,0,0,0,0,0,0,0,0,0,0,0,0,0,0,0,0,0,0,0,0,0,0,0.55847207,0.020849049,0.037332303,0.71671782,0.00012540377,0.00022454796,0.032600638,0.00010894071,0.00019506922,0.028321758,0.53475455,0.95753141,0.96462557,0.0022482371,0.0040256929,0.027711088,0.00038589262,0.00069097926,0.011736981,0.0384429,0.95753141,0.0040256929,0.99958038,0.00022454796,0.00019506922,0.99930902,0.00069097926,0.49819696,0.50180304,132.91132,74.227258,2.8809331,0.20218682,2.9963939,3.0024955,0.55847207,10.061031,0,0,0,0,0,0,0,0,0,0,0,0,0,0,0,0,0,0,0,0,0,0,0,0,0,0,0,0,0,0,0,0,0,0,0,0,0,0,0,0,0,0,0,0,0,0,0,0,0,0,0,0,0,0,0,0,0,0,0,0,0,0,0,0,0,0,0,0,0,0,0,0,0,0,0,0,0,0,0,0,0,0,0,0,0,0,0,0,0,0,0,0,0,0,0,0,0,0,0,0,0,0,0,0,0,0,0,0,0,0,0,0,0,0,0,0,0,0,0,0,0,0,0,0,0,0
550,7000,-89522404,-89522404,11113.09,2198.1427,-80374604,9147800.8,-1538715.3,-81913319,183.0326,60.0495,0.70572,21.2542,5.0268,3.3368,0.061798,0.63177,2.5393,4.8597,32.745,0,2067.083,2.7938738,9.7702511,176.01381,3.047769,0,0,0,0,0,0,0,0,0,0,0,0,0,0,0,0,0,0,0,0,0,0,0,5.4335937,3.8868443,0.71533583,0.73337805,0.17979826,0.033090119,0.018005107,0.14036095,0.025832065,0.014055827,1.1124549,0.20473649,0.78959437,0.057952116,0.010665522,0.19214253,0.056183198,0.01033997,0.010766373,0.78459798,0.20473649,0.010665522,0.94107782,0.033090119,0.025832065,0.98966003,0.01033997,0.52412833,0.47587167,0.9470963,0.00027651158,0.00029195719,0.05766557,0.18133643,0.19146567,3.9640572e-06,0.25016378,0.26413763,0.034557447,0.43595542,0.46030738,0.021890383,3.621339e-05,3.8236227e-05,9.7075169e-07,-0.18127252,-0.19139819,2.2999185e-06,0.25560722,0.26988514,0.024386538,0.0049932563,0.0052721738,3.0855547e-12,0.46168101,0.26413763,0.26890919,0.0052721738,0.53438221,0.46034562,0.0052721738,0.73000915,6.7475293e-05,3.8236227e-05,0.26988514,0.36798404,0.63201596,6.6022489,33.732576,0,0,0,0,0,0,0,0,0,0,140.28278,762.23964,2.8230785,0.4777518,3.0482567,2.8824812,214.44731,203.10225,2.9441715,0.52199645,2.7359681,2.2581787,22.860631,771.14797,2.628287,0,0,0,19.85064,131.05886,0.90754154,0,0,5.4335937,97.887713,3.7883852,68.24882,6.6022489,118.94136,0.051528526,0.0010963818,0.021277182,0.0010143695,0.029186348,0.56641147,0.19021145,0.0098222038,0.19061682,0.0071709914,0.0085692421,0.16630094,0.0040176433,0.0028543501,0.055393591,6.2975447e-06,0.076670773,0.56641147,0.19061682,0.16630094,0.94460641,0.055393591,1.981683,1.4268451,0.72001681,0.75324405,0.54811016,0.27658821,0.4316008,0.0067277713,0.0033949786,0.2421567,0.72001681,0.0033949786,0.27658821,0.31914705,0.68085295,0.58978553,0.11938492,0.2024209,0.076011736,0.30533116,0.51769862,0.13930954,-0.03706931,-0.062852186,0.12459284,0.078158202,0.1325197,0.028185844,0.041513396,0.070387273,0.0034866699,0.080012137,0.1356631,0.024748306,0.0024550357,0.0041625906,1.0950895e-07,0.2024209,0.45484643,0.1325197,0.070387273,0.1356631,0.0041625906,0.47813879,0.51769862,0.0041625906,0.3659086,0.6340914,0.92961273,0.070387273,0,0,0,0,0,0,0,0,0,0,0,0,0,0,0,0,0,0,0,0,0,0,0,0,0,0,0,0,0,0,0,0,0,0,0,0,0,0,0.2336796,0.22017364,0.9422031,0.61125571,-0.039296084,-0.16816223,0.6472045,0.052802041,0.22595914,0.052436048,0.35899339,0.52802704,0.11297957,0.83009494,0.16990506,0.74346337,0.5768276,0.77586553,0.75331469,0.03457696,0.046507954,0.3083824,0.13205881,0.17762652,0.36896157,0.7991195,0.023253977,0.17762652,0.7991195,0.023253977,0.17762652,118.78936,6.1210407,4.0854302,0.11274926,1.8892128,100.86174,199.876,2.6442014,2.7234118,1.2765882,152.85285,90.150401,3.0781164,0.41610871,2.7318172,1.4007025,0,0,0,0,0,0,45.852852,10.714876,5.010155,31.9193,23.730831,4.7973265,0.54827214,9.8772761,0,0,0,0,0,0,0,0,0,0,0,0,0,0,0,0,0,0,0,0,0,0,0,0,0,0,0,0,0,0,0,0,0,0,0,0,0,0,0,0,0,0,0,0,0,0,0,0,0,0,0,0,0,0,0,0,0,0,0,0,0,0,0,0,0,0,0,0,0,0,0,0,0,0,0,0,0,0,0,0,0,0,0,0,0,0,0,0,0,0,0,0,0,0,0,0,0,0,0,0,0,0,0,0,0,0,0,0,0,0,0,0,0,0,0,0,0,0,0,0,0,0,0,0,0,0,0,0,0,0,0,0,0,0,0,0,0,0,0,0,0,0,0,0,0,0,0,0,0,0,0,0,0,0,0,0,0,0,0,0,0,0,0,0,0,0,0,0,0,0,0,0,0,0,0,0,0,0,0,0,0,0,0,0,0,0,0,0,0,0,0,0,0,0,0,0,0,0,0,0,0,0,0,0,0,0,0,0,0,0,0,0,0,0,0,0,0,0,0,0,0,0,0,0,0,0,0,0,0,0,0,0,0,0,0,0,0,0,0,0,0,0,0,0,0,0,0,0,0,0,0,0,0,0,0,0,0,0,0,0,0,0,0,0,0,0,0,0,0,0,0,0,0,0,0,0,0,0,0,0,0,0,0
700,7000,-91316770,-91316770,13063.631,2301.4519,-78603806,12712964,-1611032.4,-80214838,183.0326,60.0495,0.70572,21.2542,5.0268,3.3368,0.061798,0.63177,2.5393,4.8597,32.745,0,2255.692,2.5961037,14.257625,256.8551,4.3861791,0,0,0,0,0,0,0,0,0,0,0,0,0,0,0,0,0,0,0,0,0,0,0,0.54312775,0.4526454,0.83340503,0.83131551,0.020701159,0.038114714,0.013644904,0.017095076,0.03147524,0.011268,0.036933923,0.068002277,0.28262066,0.006006759,0.011059569,0.14281154,0.0097454311,0.017943166,0.016418479,0.92093815,0.068002277,0.011059569,0.93041005,0.038114714,0.03147524,0.98205683,0.017943166,0.52926519,0.47073481,0,0,0,0,0,0,0,0,0,0,0,0,0,0,0,0,0,0,0,0,0,0,0,0,0,0,0,0,0,0,0,0,0,0,0,0,0,0,2.1148752,24.781854,0,0,0,0,0,0,0,0,0,0,142.0121,77.130713,2.8068911,0.43543192,3.0585304,2.8539365,0,0,0,0,0,0,23.161721,573.99038,2.5941207,0,0,0,21.636723,45.758969,0.83262518,0,0,0.54312775,9.7845984,0,0,2.1148752,38.100069,0.049071947,0.0059637325,0.12153038,0.0057950843,0.030595788,0.62348836,0.23330245,0.0071105554,0.14490062,0.0031490016,0.003437849,0.070057319,0.00053803198,0.0019640223,0.040023322,3.8790177e-05,0.16155371,0.62348836,0.14490062,0.070057319,0.95997668,0.040023322,0,0,0,0,0,0,0,0,0,0,0,0,0,0,0,2.7056484,0.43990132,0.16258628,0.05505685,1.2749643,0.47122321,0.062687134,-0.48444856,-0.17905082,0.073612342,0.68030007,0.25143698,0.052363371,0.31728296,0.11726688,0.0086571276,0.4641595,0.17155204,0.03292291,0.013488778,0.0049854142,1.4148443e-07,0.16258628,0.2921724,0.25143698,0.11726688,0.17155204,0.0049854142,0.52379137,0.47122321,0.0049854142,0.28850549,0.71149451,0.88273312,0.11726688,0,0,0,0,0,0,0,0,0,0,0,0,0,0,0,0,0,0,0,0,0,0,0,0,0,0,0,0,0,0,0,0,0,0,0,0,0,0,0.12565064,0.076789618,0.61113588,0.55124091,0.016491106,0.13124569,0.62713579,0.032369921,0.25761842,0.072196368,0.39306507,0.47812572,0.12880921,0.69863301,0.30136699,0.53556191,0.26276217,0.49062894,0.64126337,0.093304947,0.17421879,0.37302407,0.17949479,0.33515227,0.32585617,0.57773834,0.087109395,0.33515227,0.57773834,0.087109395,0.33515227,117.88816,5.7850016,4.0806774,0.19902535,1.9199534,0,0,0,0,0,153.09732,414.22751,3.0359871,0.46254274,2.577011,1.674426,0,0,0,0,0,0,46.238664,5.8099179,4.9628882,31.827951,17.045838,4.8505808,2.3883655,43.027072,0,0,17.388365,1.9779927,0.11375381,0.10649436,2.0719559,0.1191576,0.03533098,1.6477024,0.094758906,0.0574985,0.17612522,0.010128912,0.0039730769,0.17395093,0.010003869,0.011353586,0.0045059139,0.00025913384,1.9569331e-06,0.010000352,0.00057511746,0.00014386114,11.326132,0.65136265,0.446328,0,0,0,0,0,0,0,0,0,0,0,0,0,0,0,0,0,0,4.5678755,48.541821,844.0629,2.1097887,0.31061845,1.1346973,0.26618671,0,0,0,0,50.120938,228.9462,3.2330915,11.326132,204.04343,0,0,0,0,0,0,0,0,0,0,0,0,0,0,0,0,0,0,0,0,0,0,0,0,0,0,0,0,0,0,0,0,0,0,0,0,0,0,0,0.87589675,0.4304102,0.49139377,0.53991407,0.43932448,0.50157108,0.58738341,0.0061620723,0.0070351582,0.59019212,0.49139377,0.0070351582,0.50157108,0.37539277,0.62460723,101.26026,88.693535,2.6698882,2.4984289,1.5015711,0,0,0,0,0,0,0,0,0,0,0,0,0,0,0,0,0,0,0,0,0,0,0,0,0,0,0,0,0,0,0,0,0,0,0,0,0,0,0,0,0,0,0,0,0,0,0,0,0,0,0,0,0,0,0,0,0,0,0,0,0,0,0,0,0,0,0,0,0,0,0,0,0,0,0,0,0,0,0,0,0,0,0,0,0,0,0,0,0,0,0,0,0,0,0,0,0,0,0,0,0,0,0,0,0,0,0,0,0,0,0,0,0,0,0,0,0,0,0,0,0,0,0,0,0,0,0,0,0,0,0,0,0,0,0,0,0,0,0,0,0,0,0,0,0,0,0,0,0,0,0,0,0,0,0,0,0,0,0,0,0,0,0
850,7000,-93410919,-93410919,14797.39,2410.9292,-76791105,16619815,-1687667.3,-78478772,183.0326,60.0495,0.70572,21.2542,5.0268,3.3368,0.061798,0.63177,2.5393,4.8597,32.745,0,2410.9291,2.4447465,16.3725,294.95517,5.0042356,0,0,0,0,0,0,0,0,0,0,0,0,0,0,0,0,0,0,0,0,0,0,0,0,0,0,0,0,0,0,0,0,0,0,0,0,0,0,0,0,0,0,0,0,0,0,0,0,0,0,0,0,0,0,0,0,0,0,0,0,0,0,0,0,0,0,0,0,0,0,0,0,0,0,0,0,0,0,0,0,0,0,0,0,0,0,0,0,0,0,0,2.0846901,0,0,0,0,0,0,0,0,0,0,0,0,0,0,0,0,0,0,0,0,0,0,23.425547,48.835006,2.5649049,0,0,0,0,0,0,0,0,0,0,0,0,0,0,1.3170752,0.42621942,0.32361055,0.054345096,0.76708498,0.58241548,0.1871467,0.019334512,0.014679885,3.3605745e-06,0.036647055,0.027824573,7.4360016e-05,0.067789228,0.05146952,0.00052921024,0.37508007,0.58241548,0.014679885,0.027824573,0.94853048,0.05146952,0,0,0,0,0,0,0,0,0,0,0,0,0,0,0,0,0,0,0,0,0,0,0,0,0,0,0,0,0,0,0,0,0,0,0,0,0,0,0,0,0,0,0,0,0,0,0,0,0,0,0,0,0,0,0,0,0,0,0,0,0,0,0,0,0,0,0,0,0,0,0,0,0,0,0,0,0,0,0,0,0,0,0,0,0,0,0,0,0,0,0,0,0,0,0,0,0,0,0,0,0,0,0,0,0,0,0,0,0,0,0,0,0,0,0,0,0,0,0,117.2828,154.47027,3.9551614,0.37817789,1.897061,0,0,0,0,0,0,0,0,0,0,0,0,0,0,0,0,0,0,0,0,0,0,0,0,0,0,0,30.339113,5.5789137,0.1838852,0.15244319,2.5393,0.08369724,0.041533033,4.8597,0.16017937,0.096188574,0.52182884,0.017199871,0.0078740725,0.88784521,0.029264047,0.035331809,0.089297208,0.0029433032,4.9479086e-05,0.15613474,0.0051463186,0.0010571541,15.706093,0.51768465,0.31418776,0.9366409,0.082385481,0.087958449,0.18794319,0.18595106,0.19852972,0.020920566,0.66640713,0.71148626,0.47343409,0.0018972315,0.0020255698,1.84981e-06,0.79944471,0.19852972,0.0020255698,0.28851374,0.71148626,1.8626511,61.236597,1857.864,2.2102644,0.36383694,1.5645721,0.37192131,234.35025,219.50203,2.6047245,0.80106732,50.239612,93.578867,3.2254544,15.706093,282.94966,0.66640713,12.005511,0,0,0,0,0,0,0,0,0,0,0,0,0,0,0,0,0,0,1.1496228,0.19118392,0.16630143,0.57923969,0.51453608,0.4475695,0.43590218,0.44390277,0.38612907,0.24339387,0.39008618,0.22378475,0.38612907,0.39008618,0.22378475,0.38612907,31.905167,36.678906,4.8515884,0,0,0,0,0,0,0,0,0,0,0,0,0,0,0,0,0,0,0,0,0,0,0,0,0,0,0,0,0,0,0,0,0,0,0,0,0,0,0,0,0,0,0,0,0,0,0,0,0,0,0,0,0,0,0,0,0,0,0,0,0,0,0,0,0,0,0,0,0,0,0,0,0,0,0,0,0,0,0,0,0,0,0,0,0,0,0,0,0,0,0,0,0,0,0,0,0,0,0,0,0,0,0,0,0,0,0,0,0,0,0,0,0,0,0,0,0,0,0,0,0,0,0,0,0,0,0,0,0,0,0,0,0,0,0,0,0,0,0,0,0,0,0,0,0,0,0,0,0,0,0,0,0,0,0,0,0,0,0,0,0,0,0,0,0,0,0,0,0,0,0,0,0,0,0,0,0,0,0,0,0,0,0
1000,7000,-95730923,-95730923,16120.748,2495.5118,-75206631,20524292,-1746875.7,-76953507,183.0326,60.0495,0.70572,21.2542,5.0268,3.3368,0.061798,0.63177,2.5393,4.8597,32.745,0,2495.5117,2.3618845,16.3725,294.95517,5.0042356,0,0,0,0,0,0,0,0,0,0,0,0,0,0,0,0,0,0,0,0,0,0,0,0,0,0,0,0,0,0,0,0,0,0,0,0,0,0,0,0,0,0,0,0,0,0,0,0,0,0,0,0,0,0,0,0,0,0,0,0,0,0,0,0,0,0,0,0,0,0,0,0,0,0,0,0,0,0,0,0,0,0,0,0,0,0,0,0,0,0,0,0,0,0,0,0,0,0,0,0,0,0,0,0,0,0,0,0,0,0,0,0,0,0,0,0,0,0,0,0,0,0,0,0,0,0,0,0,0,0,0,0.20637665,0.08064145,0.3907489,0.086981282,0.096705356,0.46858671,0.09799751,0.012936857,0.06268566,0.00025753726,0.0020900727,0.010127467,3.613308e-06,0.014002917,0.067851267,0.0014303784,0.45860017,0.46858671,0.06268566,0.010127467,0.93214873,0.067851267,0,0,0,0,0,0,0,0,0,0,0,0,0,0,0,0,0,0,0,0,0,0,0,0,0,0,0,0,0,0,0,0,0,0,0,0,0,0,0,0,0,0,0,0,0,0,0,0,0,0,0,0,0,0,0,0,0,0,0,0,0,0,0,0,0,0,0,0,0,0,0,0,0,0,0,0,0,0,0,0,0,0,0,0,0,0,0,0,0,0,0,0,0,0,0,0,0,0,0,0,0,0,0,0,0,0,0,0,0,0,0,0,0,0,0,0,0,0,0,117.75794,24.302489,3.8861234,0.47160658,1.8642975,0,0,0,0,0,0,0,0,0,0,0,0,0,0,0,0,0,0,0,0,0,0,0,0,0,0,0,33.740653,6.2331858,0.18473815,0.15477644,2.5393,0.07525936,0.041727928,4.8597,0.144031,0.091972617,0.62549978,0.018538461,0.008943098,2.6322142,0.078013138,0.08467499,0.38211074,0.011324936,0.00019175796,0.66420191,0.019685508,0.0037609055,15.804441,0.46840945,0.25825315,0.94909184,0.19415299,0.20456712,0.26352023,0.17538615,0.18479366,0.023504654,0.56805899,0.59852899,0.39978499,0.011493715,0.012110224,8.7492133e-05,0.80309612,0.18479366,0.012110224,0.40147101,0.59852899,0,65.496334,2209.8891,2.278826,0.36519748,1.6207425,0.50600932,234.73124,222.78151,2.5907683,0.81294101,0,0,0,15.804441,284.72143,0.56805899,10.233742,0,0,0,0,0,0,0,0,0,0,0,0,0,0,0,0,0,0,1.2034091,0.00014234448,0.00011828437,0.44835035,0.70557766,0.58631571,0.41079704,0.49768908,0.413566,0.24450861,0.29327614,0.29315786,0.413566,0.29327614,0.29315786,0.413566,32.02452,38.538599,4.8403419,0,0,0,0,0,0,0,0,0,0,0,0,0,0,0,0,0,0,0,0,0,0,0,0,0,0,0,0,0,0,0,0,0,0,0,0,0,0,0,0,0,0,0,0,0,0,0,0,0,0,0,0,0,0,0,0,0,0,0,0,0,0,0,0,0,0,0,0,0,0,0,0,0,0,0,0,0,0,0,0,0,0,0,0,0,0,0,0,0,0,0,0,0,0,0,0,0,0,0,0,0,0,0,0,0,0,0,0,0,0,0,0,0,0,0,0,0,0,0,0,0,0,0,0,0,0,0,0,0,0,0,0,0,0,0,0,0,0,0,0,0,0,0,0,0,0,0,0,0,0,0,0,0,0,0,0,0,0,0,0,0,0,0,0,0,0,0,0,0,0,0,0,0,0,0,0,0,0,0,0,0,0,0
400,8500,-87655553,-87655553,9427.5153,2120.587,-81309383,6346169.6,-1802517,-83111900,183.0326,60.0495,0.70572,21.2542,5.0268,3.3368,0.061798,0.63177,2.5393,4.8597,32.745,0,2090.8402,2.8044919,14.686937,264.58929,4.5122922,0.25825628,0.25759141,0.99742554,0.99743317,0.00066487098,0.002574462,0.005368441,0.99742554,0.002574462,0.29120327,0.036747598,0.12619226,0.13846954,0.23971687,0.8231943,0.83137665,0.014738799,0.05061344,0.05322971,0.94938656,0.05061344,0.12619226,0.87380774,4.6098906,3.23978,0.70278891,0.66339098,0.49748985,0.10791793,0.056758202,0.3354588,0.072769362,0.038272186,0.4475305,0.097080504,0.97229574,0.00093153268,0.00020207262,0.014336579,0.088699904,0.019241217,0.014939679,0.90271742,0.097080504,0.00020207262,0.81931271,0.10791793,0.072769362,0.98075878,0.019241217,0.59024261,0.40975739,0,0,0,0,0,0,0,0,0,0,0,0,0,0,0,0,0,0,0,0,0,0,0,0,0,0,0,0,0,0,0,0,0,0,0,0,0,0,1.6855628,27.650257,0.64831976,100.15997,25.866941,2.6184529,2.9974255,1.0025745,139.4898,40.619885,3.4485623,2.0755788,139.99833,645.377,2.8522527,0.5397826,3.1804852,2.6195863,0,0,0,0,0,0,22.587412,624.54774,2.660079,18.925435,12.269733,4.2200246,17.647497,29.745965,1.0208405,0.14560163,2.6230542,4.6098906,83.04847,0,0,1.6855628,30.365886,0,0,0,0,0,0,0,0,0,0,0,0,0,0,0,0,0,0,0,0,0,0,0,0,0,0,0,0,0,0,0,0,0,0,0,0,0,0,0,0,0,0,0,0,0,0,0,0,0,0,0,0,0,0,0,0,0,0,0,0,0,0,0,0,0,0,0,0,0,0,0,0,0,0,0,0,0,0,0,0,0,0,0,0,0,0,0,0,0,0,0,0,0,0,0,0,0,0,0,0,0,0,0,0,0,0,0,0,0,0,0,0,0,0,0,0,0,0,0,0,0,0,0,0,0,0,0,0,0,0,0,0,0,0,0,0,0,0,0,0,0,0,0,0,0,0,0,0,0,0,0,0,0,0,0,0,0,0,0,0,0,0,0,0,0,0,0,0,0,0,0,0,0,0,0,0,0,0,0,0,0,0,0,0,0,0,0,0,0,0,0,0,0,0,0,0,0,0,0,0,0,0,0,0,0,0,0,0,0,0,0,0,0,0,0,0,0,0,0,0,0,0,0,0,0,0,0,0,0,0,0,0,0,0,0,0,0,0,0,0,0,0,0,0,0,0,0,0,0,0,0,0,0,0,0,0,0,0,0,0,0,0,0,0,0,0,0,0,0,0,0,0,0,0,0,0,0,0,0,0,0,0,0,0,0,0,0,0,0,0,0,1.8933047,0.052105733,0.02752105,0.66339098,0.00072951411,0.00038531258,0.056758202,0.00049190824,0.00025981462,0.038272186,1.8341781,0.96877068,0.97229574,0.0039063974,0.0020632693,0.014336579,0.0018930585,0.00099986997,0.014939679,0.029166047,0.96877068,0.0020632693,0.99935487,0.00038531258,0.00025981462,0.99900013,0.00099986997,0.49929093,0.50070907,132.41442,250.70084,2.8904588,0.23423297,2.9985819,2.9997731,1.8933047,34.108414,1.2861024,0.71858908,0.55873394,0.10919674,0.56751335,0.44126606,0.051049149,0.55873394,0.44126606,0.041264053,-0.0093421453,-0.22639912,2.8367744e-06,0.0057065462,0.1382934,0.0043205422,0.020599333,0.49920771,0.17003826,0.014620221,0.35430889,0.0067560829,0.0096800983,0.23458913,8.7636121e-08,0.0081900095,0.1382934,0.49920771,0.35430889,0.76541087,0.23458913,0.37951843,3.9721675e-06,1.0466336e-05,0.38258701,0.057396268,0.15123447,0.094243877,0.32211819,0.84875506,0.75351162,0.075627701,0.075617235,0.84875506,0.075627701,0.075617235,0.84875506,369.13526,474.74576,2.7318293,0.44126606,122.34807,5.0485771,4.0245599,0.027040786,1.5308217,30.733012,11.663744,5.1567209,8.0381402,144.80935,0,0,0,0,0,0,0,0,0,0,0,0,0,0,0,0,0,0,0,0,0,0,0,0,0,0,0,0,0,0,0,0,0,0,0,0,0,0,0,0,0,0,0,0,0,0,0,0,0,0,0,0,0,0,0,0,0,0,0,0,0,0,0,0,0
550,8500,-89194275,-89194275,11062.97,2170.8724,-80087731,9106544.6,-1845260,-81932991,183.0326,60.0495,0.70572,21.2542,5.0268,3.3368,0.061798,0.63177,2.5393,4.8597,32.745,0,2044.442,2.82437,9.7198295,175.10545,3.0325172,0,0,0,0,0,0,0,0,0,0.16068177,0.065586653,0.40817731,0.42096252,0.091549372,0.56975581,0.59228734,0.0035457457,0.022066882,0.016312527,0.97793312,0.022066882,0.40817731,0.59182269,4.939115,3.3402111,0.67627726,0.69362748,0.2168696,0.043908595,0.026313377,0.16320026,0.03304241,0.019801528,1.1123504,0.22521249,0.89743938,0.047808405,0.0096795489,0.15604922,0.058675219,0.011879703,0.011916248,0.76510796,0.22521249,0.0096795489,0.923049,0.043908595,0.03304241,0.9881203,0.011879703,0.53363573,0.46636427,0.68850618,0.045428594,0.06598139,0.063950789,0.11565381,0.16797788,6.1020491e-06,0.1199718,0.17424941,0.02762025,0.30956131,0.44961297,0.020595601,2.2355108e-05,3.2469001e-05,1.2677562e-06,-0.11561292,-0.16791849,3.4258362e-06,0.21101561,0.30648325,0.031648359,0.0024656218,0.0035811179,4.2576064e-13,0.54047499,0.17424941,0.28169448,0.0035811179,0.54677344,0.44964544,0.0035811179,0.6934249,5.9388938e-05,3.2469001e-05,0.30648325,0.41292122,0.58707878,6.6526705,34.485196,0,0,0,0,0,0,139.16709,22.361615,3.3921542,2.3861104,139.76488,690.31484,2.8329225,0.49429523,3.0672715,2.8438978,214.53606,147.7094,2.9415978,0.5333211,2.8258424,2.0418319,22.76445,785.03652,2.6393917,0,0,0,19.004328,126.42953,0.9479567,0.080340885,1.4473635,4.939115,88.97954,2.7540247,49.614526,6.6526705,119.84972,0.1031879,-0.0021542132,-0.020876607,0.0010731394,0.057241122,0.55472708,0.18656956,0.013490844,0.13074056,0.002375682,0.024938225,0.24167781,0.0088691637,0.0096719214,0.093731159,9.1237772e-06,0.072854552,0.55472708,0.13074056,0.24167781,0.90626884,0.093731159,0.67721131,0.54782928,0.80894881,0.82373439,0.12650632,0.1868048,0.31851772,0.0028757077,0.0042463964,0.22167997,0.80894881,0.0042463964,0.1868048,0.2967012,0.7032988,1.0027909,0.22644728,0.22581705,0.088171646,0.50404829,0.50264546,0.1414243,-0.026337705,-0.026264404,0.13824189,0.10102313,0.10074197,0.022479663,0.071916545,0.071716392,0.0036747505,0.12269422,0.12235275,0.023098084,0.0029991201,0.0029907732,4.1359442e-08,0.22581705,0.47638106,0.10074197,0.071716392,0.12235275,0.0029907732,0.49436376,0.50264546,0.0029907732,0.38845264,0.61154736,0.92828361,0.071716392,0,0,0,0,0,0,0,0,0,0,0,0,0,0,0,0,0,0,0,0,0,0,0,0,0,0,0,0,0,0,0,0,0,0,0,0,0,0,0.115482,0.10706394,0.92710502,0.63465941,-0.015935657,-0.13799256,0.67198461,0.024353715,0.21088754,0.045838743,0.37155747,0.52299876,0.10544377,0.83510998,0.16489002,0.77370786,0.56800712,0.73413642,0.73131964,0.041442622,0.053563656,0.29937834,0.16425812,0.21229993,0.41737024,0.76091825,0.026781828,0.21229993,0.76091825,0.026781828,0.21229993,119.57944,12.339151,4.0515105,0.10557574,1.8125377,100.63866,68.153641,2.6359388,2.8131952,1.1868048,152.41505,152.84042,3.0816797,0.43090818,2.7769053,1.3238367,0,0,0,0,0,0,45.777239,5.2864473,5.0210572,31.83809,24.633381,4.8182516,0.93087435,16.769962,0,0,0,0,0,0,0,0,0,0,0,0,0,0,0,0,0,0,0,0,0,0,0,0,0,0,0,0,0,0,0,0,0,0,0,0,0,0,0,0,0,0,0,0,0,0,0,0,0,0,0,0,0,0,0,0,0,0,0,0,0,0,0,0,0,0,0,0,0,0,0,0,0,0,0,0,0,0,0,0,0,0,0,0,0,0,0,0,0,0,0,0,0,0,0,0,0,0,0,0,0,0,0,0,0,0,0,0,0,0,0,0,0,0,0,0,0,0,0,0,1.0154746,0.070287195,0.069216106,0.69362748,0.0014542166,0.0014320562,0.026313377,0.0010943345,0.0010776582,0.019801528,0.87912034,0.86572364,0.89743938,0.061277057,0.060343271,0.15604922,0.0022414276,0.002207271,0.011916248,0.073933091,0.86572364,0.060343271,0.99749029,0.0014320562,0.0010776582,0.99779273,0.002207271,0.47108322,0.52891678,133.69767,135.76659,2.8755087,0.30359564,2.9421664,3.0531166,1.0154746,18.294059,0,0,0,0,0,0,0,0,0,0,0,0,0,0,0,0,0,0,0,0,0,0,0,0,0,0,0,0,0,0,0,0,0,0,0,0,0,0,0,0,0,0,0,0,0,0,0,0,0,0,0,0,0,0,0,0,0,0,0,0,0,0,0,0,0,0,0,0,0,0,0,0,0,0,0,0,0,0,0,0,0,0,0,0,0,0,0,0,0,0,0,0,0,0,0,0,0,0,0,0,0,0,0,0,0,0,0,0,0,0,0,0,0,0,0,0,0,0,0,0,0,0,0,0,0,0
700,8500,-90976887,-90976887,12834.395,2235.0629,-78487005,12489882,-1899822.5,-80386828,183.0326,60.0495,0.70572,21.2542,5.0268,3.3368,0.061798,0.63177,2.5393,4.8597,32.745,0,2167.2616,2.6921017,13.062994,235.33349,4.0334895,0,0,0,0,0,0,0,0,0,0,0,0,0,0,0,0,0,0,0,0,0,0,0,2.0464493,1.6214151,0.79230652,0.79227219,0.094116515,0.045990153,0.017938525,0.068077205,0.033266012,0.012975459,0.19698184,0.096255424,0.39757856,0.029903596,0.01461243,0.16612487,0.035955022,0.017569467,0.015769957,0.88913215,0.096255424,0.01461243,0.92074384,0.045990153,0.033266012,0.98243053,0.017569467,0.53232187,0.46767813,0,0,0,0,0,0,0,0,0,0,0,0,0,0,0,0,0,0,0,0,0,0,0,0,0,0,0,0,0,0,0,0,0,0,0,0,0,0,3.3095063,27.945487,0,0,0,0,0,0,0,0,0,0,141.38036,289.32774,2.8164268,0.47497912,3.0646437,2.8385306,0,0,0,0,0,0,23.020166,643.30974,2.6100724,0,0,0,20.486565,67.800417,0.87937045,0,0,2.0464493,36.867357,0,0,3.3095063,59.621683,0.4353061,0.064409343,0.14796334,0.010538648,0.29512969,0.67798199,0.29414776,0.017769056,0.040819681,7.068397e-05,0.03747408,0.086086733,0.0010788856,0.020523926,0.047148262,7.1651463e-05,0.1951116,0.67798199,0.040819681,0.086086733,0.95285174,0.047148262,0.84368768,0.47971136,0.56858879,0.60425958,0.35774402,0.42402423,0.51666443,0.0062322998,0.007386975,0.450126,0.56858879,0.007386975,0.42402423,0.35600606,0.64399394,2.2179642,0.4329292,0.19519215,0.075389022,0.94815716,0.42748984,0.056632953,-0.28873305,-0.13017931,0.087749651,0.51252512,0.23107908,0.054696024,0.25448271,0.11473707,0.0093234369,0.35577277,0.1604051,0.034658953,0.0028302774,0.0012760699,2.4733664e-09,0.19519215,0.29731053,0.23107908,0.11473707,0.1604051,0.0012760699,0.57123409,0.42748984,0.0012760699,0.30425791,0.69574209,0.88526293,0.11473707,0,0,0,0,0,0,0,0,0,0,0,0,0,0,0,0,0,0,0,0,0,0,0,0,0,0,0,0,0,0,0,0,0,0,0,0,0,0,0,0,0,0,0,0,0,0,0,0,0,0,0,0,0,0,0,0,0,0,0,0,0,0,0,0,0,0,0,0,0,117.64797,51.212879,4.0614775,0.21570596,1.9057035,101.05588,85.2596,2.6630783,2.5759758,1.4240242,152.52237,338.28915,3.0253801,0.50470975,2.6085158,1.6225633,0,0,0,0,0,0,0,0,0,0,0,0,1.9634815,35.372669,0,0,13.173709,1.1999339,0.091085495,0.083313884,1.8626068,0.14138818,0.03557982,0.81593968,0.061936973,0.040268582,0.13170014,0.0099971952,0.0035836941,0.094472317,0.0071712768,0.0077650837,0.0052502468,0.00039853974,3.2807125e-06,0.010743498,0.00081552562,0.00016973119,9.0530629,0.68720682,0.4771512,0,0,0,0,0,0,0,0,0,0,0,0,0,0,0,0,0,0,0,44.745919,589.46973,2.0933936,0.32826877,1.008214,0.24626763,0,0,0,0,0,0,0,9.0530629,163.09346,0,0,0,0,0,0,0,0,0,0,0,0,0,0,0,0,0,0,0,0,0,0,0,0,0,0,0,0,0,0,0,0,0,0,0,0,0,0,0,0,0,0,0,0,0,0,0,0,0,0,0,0,0,0,0,0,0,0,0,0,0,0,0,0,0,0,0,0,0,0,0,0,0,0,0,0,0,0,0,0,0,0,0,0,0,0,0,0,0,0,0,0,0,0,0,0,0,0,0,0,0,0,0,0,0,0,0,0,0,0,0,0,0,0,0,0,0,0,0,0,0,0,0,0,0,0,0,0.74654147,0.2773189,0.37147152,0.63085371,0.17391839,0.23296548,0.36696875,0.29530418,0.39556299,0.3354938,0.48795426,0.11648274,0.39556299,0.48795426,0.11648274,0.39556299,0,0,0,0,0,0,0,0,0,31.709357,23.67235,4.8839212,0,0,3.2856248,44.655263,146.72044,3.6288126,0,0,0,0,0,0,0,0,0,0,0,0,0,0,0,0,0,0,0,0,0,0,0,0,0,0,0,0,0,0,0,0,0,0,0,0,0,0,0,0,0,0,0,0,0,0,0,0,0,0,0,0,0,0,0,0,0,0,0,0,0
850,8500,-93054825,-93054825,14707.094,2347.3733,-76536427,16518398,-1995287.2,-78531714,183.0326,60.0495,0.70572,21.2542,5.0268,3.3368,0.061798,0.63177,2.5393,4.8597,32.745,0,2347.3731,2.5109389,16.3725,294.95517,5.0042356,0,0,0,0,0,0,0,0,0,0,0,0,0,0,0,0,0,0,0,0,0,0,0,0,0,0,0,0,0,0,0,0,0,0,0,0,0,0,0,0,0,0,0,0,0,0,0,0,0,0,0,0,0,0,0,0,0,0,0,0,0,0,0,0,0,0,0,0,0,0,0,0,0,0,0,0,0,0,0,0,0,0,0,0,0,0,0,0,0,0,0,6.3227259,0.12044372,0,0,0,0,0,0,0,0,0,0,0,0,0,0,0,0,0,0,0,0,0,23.380037,147.82556,2.5698976,19.164565,2.3082516,4.1673682,0,0,0,0,0,0,0,0,0,0,0,2.0740263,0.88779192,0.4280524,0.11062845,0.99858173,0.48147015,0.10783033,0.020599333,0.0099320504,1.0390083e-06,0.05413465,0.026101236,9.0170549e-05,0.11291862,0.054444162,0.0010441468,0.48249656,0.48147015,0.0099320504,0.026101236,0.94555584,0.054444162,0,0,0,0,0,0,0,0,0,0,0,0,0,0,0,0,0,0,0,0,0,0,0,0,0,0,0,0,0,0,0,0,0,0,0,0,0,0,0,0,0,0,0,0,0,0,0,0,0,0,0,0,0,0,0,0,0,0,0,0,0,0,0,0,0,0,0,0,0,0,0,0,0,0,0,0,0,0,0,0,0,0,0,0,0,0,0,0,0,0,0,0,0,0,0,0,0,0,0,0,0,0,0,0,0,0,0,0,0,0,0,0,0,0,0,0,0,0,0,116.98281,242.62542,3.8806967,0.48236979,1.8911117,0,0,0,0,0,0,0,0,0,0,0,0,0,0,0,0,0,0,0,0,0,0,0,0,0,0,0,29.997539,4.8733264,0.16245754,0.1259179,2.5393,0.084650279,0.040760974,4.8597,0.16200329,0.096542482,0.46936605,0.015646819,0.0064512558,0.6940804,0.023137912,0.02718707,0.083667094,0.002789132,9.2968155e-05,0.10559863,0.0035202432,0.00041286832,16.3725,0.54579478,0.33541681,0,0,0,0,0,0,0,0,0,0,0,0,0,0,0,0,0,0,3.3865977,58.447939,1753.2943,2.2025873,0.44206152,1.4707239,0.35198853,0,0,0,0,50.191936,169.97989,3.2285182,16.3725,294.95517,0,0,0,0,0,0,0,0,0,0,0,0,0,0,0,0,0,0,0,0,0.98404966,0.0026627724,0.002705933,0.57037761,0.58261351,0.59205702,0.4292331,0.39877338,0.40523705,0.24910877,0.29873444,0.29602851,0.40523705,0.29873444,0.29602851,0.40523705,31.847669,31.339688,4.8651341,0,0,0,0,0,0,0,0,0,0,0,0,0,0,0,0,0,0,0,0,0,0,0,0,0,0,0,0,0,0,0,0,0,0,0,0,0,0,0,0,0,0,0,0,0,0,0,0,0,0,0,0,0,0,0,0,0,0,0,0,0,0,0,0,0,0,0,0,0,0,0,0,0,0,0,0,0,0,0,0,0,0,0,0,0,0,0,0,0,0,0,0,0,0,0,0,0,0,0,0,0,0,0,0,0,0,0,0,0,0,0,0,0,0,0,0,0,0,0,0,0,0,0,0,0,0,0,0,0,0,0,0,0,0,0,0,0,0,0,0,0,0,0,0,0,0,0,0,0,0,0,0,0,0,0,0,0,0,0,0,0,0,0,0,0,0,0,0,0,0,0,0,0,0,0,0,0,0,0,0,0,0,0
1000,8500,-95360550,-95360550,16041.414,2437.6823,-74937264,20423286,-2072050.6,-77009315,183.0326,60.0495,0.70572,21.2542,5.0268,3.3368,0.061798,0.63177,2.5393,4.8597,32.745,0,2437.6822,2.4179158,16.3725,294.95517,5.0042356,0,0,0,0,0,0,0,0,0,0,0,0,0,0,0,0,0,0,0,0,0,0,0,0,0,0,0,0,0,0,0,0,0,0,0,0,0,0,0,0,0,0,0,0,0,0,0,0,0,0,0,0,0,0,0,0,0,0,0,0,0,0,0,0,0,0,0,0,0,0,0,0,0,0,0,0,0,0,0,0,0,0,0,0,0,0,0,0,0,0,0,0,0,0,0,0,0,0,0,0,0,0,0,0,0,0,0,0,0,0,0,0,0,0,0,0,0,0,0,0,0,0,0,0,0,0,0,0,0,0,0,0,0,0,0,0,0,0,0,0,0,0,0,0,0,0,0,0,0,0,0,0,0,0,0,0,0,0,0,0,0,0,0,0,0,0,0,0,0,0,0,0,0,0,0,0,0,0,0,0,0,0,0,0,0,0,0,0,0,0,0,0,0,0,0,0,0,0,0,0,0,0,0,0,0,0,0,0,0,0,0,0,0,0,0,0,0,0,0,0,0,0,0,0,0,0,0,0,0,0,0,0,0,0,0,0,0,0,0,0,0,0,0,0,0,0,0,0,0,0,0,0,0,0,0,0,0,0,0,0,0,0,0,0,0,0,0,0,0,0,0,0,0,0,0,0,0,0,0,0,0,0,0,0,0,0,0,0,0,0,0,0,0,0,0,0,0,0,0,0,0,0,0,0,34.248668,6.6624924,0.19453289,0.15398733,2.5393,0.07414303,0.041871943,4.8597,0.14189457,0.088488768,0.60015523,0.017523462,0.0080698207,2.442751,0.071323971,0.07785523,0.32181434,0.0093964046,0.00025623161,0.44995495,0.013137882,0.0018006102,16.3725,0.47804779,0.26539126,0,0,0,0,0,0,0,0,0,0,0,0,0,0,0,0,0,0,1.0505963,64.272977,2201.2639,2.2663839,0.41698257,1.6204782,0.47932123,0,0,0,0,50.313808,52.859499,3.220698,16.3725,294.95517,0,0,0,0,0,0,0,0,0,0,0,0,0,0,0,0,0,0,0,0,1.130807,0.00024070467,0.00021286097,0.49232541,0.7054793,0.62387244,0.4510888,0.42508696,0.3759147,0.21181285,0.31214908,0.31193622,0.3759147,0.31214908,0.31193622,0.3759147,32.049332,36.241608,4.8272222,0,0,0,0,0,0,0,0,0,0,0,0,0,0,0,0,0,0,0,0,0,0,0,0,0,0,0,0,0,0,0,0,0,0,0,0,0,0,0,0,0,0,0,0,0,0,0,0,0,0,0,0,0,0,0,0,0,0,0,0,0,0,0,0,0,0,0,0,0,0,0,0,0,0,0,0,0,0,0,0,0,0,0,0,0,0,0,0,0,0,0,0,0,0,0,0,0,0,0,0,0,0,0,0,0,0,0,0,0,0,0,0,0,0,0,0,0,0,0,0,0,0,1.1328227,0.55111792,0.48649971,0.15060834,0.47731346,0.42134877,0.073311731,0.020599333,0.018184075,6.4280789e-06,0.010538256,0.0093026525,4.2892805e-06,0.07325375,0.064664796,0.0019321565,0.5511645,0.42134877,0.018184075,0.0093026525,0.9353352,0.064664796,0.070574083,0.011411695,0.16169809,0.077630331,0.013230286,0.18746663,0.054501142,0.0082472755,0.11685983,0.0023617604,0.010982245,0.155613,0.0068310805,0.026702582,0.37836244,0.10018636,0.31731109,0.18746663,0.11685983,0.37836244,0.72752717,0.27247283,0.43417092,0.56582908,117.33121,132.91546,3.8254066,0.54268604,1.8706704,204.0664,14.401799,3.5797618,0.65570379,1.4341709,8.7532957,0,0,0,0
400,10000,-87338407,-87338407,9404.9839,2109.2012,-81007404,6331002.5,-2109222.2,-83116627,183.0326,60.0495,0.70572,21.2542,5.0268,3.3368,0.061798,0.63177,2.5393,4.8597,32.745,0,2080.1619,2.8188134,14.678259,264.43295,4.5097463,0,0,0,0,0,0,0,0,0,0.2874502,0.033781705,0.11752194,0.12885988,0.23796132,0.82783493,0.83580469,0.015707178,0.054643126,0.057846878,0.94535687,0.054643126,0.11752194,0.88247806,4.5399191,3.0237531,0.66603678,0.6213975,0.63100823,0.13899107,0.074436961,0.4331079,0.095399917,0.051091677,0.35119772,0.077357705,0.97713877,0.00062728715,0.00013817144,0.0097052922,0.10022485,0.022076352,0.014925823,0.92250412,0.077357705,0.00013817144,0.76560901,0.13899107,0.095399917,0.97792365,0.022076352,0.61712641,0.38287359,0,0,0,0,0,0,0,0,0,0,0,0,0,0,0,0,0,0,0,0,0,0,0,0,0,0,0,0,0,0,0,0,0,0,0,0,0,0,1.6942408,27.719829,0.65293724,0,0,0,0,0,139.36873,40.061569,3.4541883,2.0628788,139.79212,634.64493,2.86382,0.54194453,3.2342528,2.5092798,0,0,0,0,0,0,22.5057,623.85415,2.669737,18.912364,12.348587,4.2229412,17.139517,29.038469,1.0510961,0.1437251,2.589248,4.5399191,81.787914,0,0,1.6942408,30.522222,0,0,0,0,0,0,0,0,0,0,0,0,0,0,0,0,0,0,0,0,0,0,0,0,0,0,0,0,0,0,0,0,0,0,0,0,0,0,0,0,0,0,0,0,0,0,0,0,0,0,0,0,0,0,0,0,0,0,0,0,0,0,0,0,0,0,0,0,0,0,0,0,0,0,0,0,0,0,0,0,0,0,0,0,0,0,0,0,0,0,0,0,0,0,0,0,0,0,0,0,0,0,0,0,0,0,0,0,0,0,0,0,0,0,0,0,0,0,0,0,0,0,0,0,0,0,0,0,0,0,0,0,0,0,0,0,0,0,0,0,0,0,0,0,0,0,0,0,0,0,0,0,0,0,0,0,0,0,0,0,0,0,0,0,0,0,0,0,0,0,0,0,0,0,0,0,0,0,0,0,0,0,0,0,0,0,0,0,0,0,0,0,0,0,0,0,0,0,0,0,0,0,0,0,0,0,0,0,0,0,0,0,0,0,0,0,0,0,0,0,0,0,0,0,0,0,0,0,0,0,0,0,0,0,0,0,0,0,0,0,0,0,0,0,0,0,0,0,0,0,0,0,0,0,0,0,0,0,0,0,0,0,0,0,0,0,0,0,0,0,0,0,0,0,0,0,0,0,0,0,0,0,0,0,0,0,0,0,0,0,0,2.2426814,0.046916176,0.02091968,0.6213975,0.0011570159,0.00051590741,0.074436961,0.00079410746,0.0003540884,0.051091677,2.1881023,0.97566346,0.97713877,0.0031278677,0.0013947,0.0097052922,0.0025839299,0.001152161,0.014925823,0.022941837,0.97566346,0.0013947,0.99913,0.00051590741,0.0003540884,0.99884784,0.001152161,0.49973765,0.50026235,131.95921,295.94246,2.8996421,0.25512731,2.9994753,2.9985025,2.2426814,40.402533,1.2403094,0.69959554,0.56404922,0.11259868,0.54071385,0.43595078,0.049083437,0.56404922,0.43595078,0.044910489,-0.012558795,-0.27964058,2.7715166e-06,0.0062511754,0.13919188,0.0046283917,0.020599333,0.45867533,0.14226711,0.017704812,0.39422443,0.0075663805,0.012913964,0.28754894,9.7402469e-08,0.007908367,0.13919188,0.45867533,0.39422443,0.71245106,0.28754894,0.36546857,3.53674e-06,9.6772755e-06,0.35692263,0.052779222,0.14441522,0.08792189,0.31268581,0.85557511,0.76264125,0.072217285,0.072207608,0.85557511,0.072217285,0.072207608,0.85557511,368.11013,456.57045,2.7417141,0.43595078,122.9047,5.5197104,4.0169594,0.023342319,1.4249021,30.700346,11.220011,5.1639802,7.7519337,139.65326,0,0,0,0,0,0,0,0,0,0,0,0,0,0,0,0,0,0,0,0,0,0,0,0,0,0,0,0,0,0,0,0,0,0,0,0,0,0,0,0,0,0,0,0,0,0,0,0,0,0,0,0,0,0,0,0,0,0,0,0,0,0,0,0,0
550,10000,-88870445,-88870445,11023.958,2150.848,-79796013,9074431.9,-2150869.5,-81946883,183.0326,60.0495,0.70572,21.2542,5.0268,3.3368,0.061798,0.63177,2.5393,4.8597,32.745,0,2028.8076,2.846105,9.7164225,175.04407,3.0314865,0,0,0,0,0,0,0,0,0,0.20800842,0.07780068,0.37402659,0.38697877,0.12494682,0.60068156,0.62193936,0.0052609194,0.025291857,0.019580997,0.97470814,0.025291857,0.37402659,0.62597341,4.4385464,2.9947572,0.67471576,0.67104826,0.2867239,0.064598604,0.036916584,0.21317213,0.048027465,0.027446574,0.85139718,0.19181892,0.92203575,0.027729322,0.0062473881,0.10699022,0.064766668,0.014591865,0.013010098,0.80193369,0.19181892,0.0062473881,0.88737393,0.064598604,0.048027465,0.98540814,0.014591865,0.55318934,0.44681066,0.55075372,0.048339478,0.087769681,0.065418303,0.08718859,0.15830776,8.1551092e-06,0.069203002,0.12565145,0.021634252,0.24624757,0.44711013,0.020211259,1.791591e-05,3.2529804e-05,1.6253816e-06,-0.08715544,-0.15824757,4.5406056e-06,0.18543801,0.33669861,0.036535758,0.0014745943,0.0026774114,9.6288708e-14,0.58280859,0.12565145,0.28886255,0.0026774114,0.55017993,0.44714266,0.0026774114,0.66320867,6.0190243e-05,3.2529804e-05,0.33669861,0.43722064,0.56277936,6.6560775,34.714706,0,0,0,0,0,0,139.11282,28.936638,3.4012325,2.3487347,139.65563,619.868,2.8425366,0.50777907,3.1063787,2.7664034,214.46349,118.11656,2.9452398,0.53553691,2.8744413,1.9144188,22.67274,787.07751,2.6500679,0,0,0,18.335055,122.03955,0.98255935,0.10400421,1.873665,4.4385464,79.961656,2.2030149,39.68793,6.6560775,119.9111,0.15188491,-0.0063678965,-0.041925802,0.0011403157,0.085595246,0.56355334,0.19780769,0.015330838,0.1009372,0.0011158624,0.039805363,0.26207583,0.0097847325,0.017521357,0.11535943,1.2347265e-05,0.07343363,0.56355334,0.1009372,0.26207583,0.88464057,0.11535943,0,0,0,0,0,0,0,0,0,0,0,0,0,0,0,1.1883252,0.28822731,0.24254919,0.096262177,0.5893517,0.49595154,0.1454833,-0.00077931107,-0.00065580624,0.14796325,0.09343906,0.078630884,0.017923491,0.085933644,0.072314923,0.0036988034,0.12934194,0.1088439,0.020783675,0.0028108385,0.0023653782,2.0746455e-08,0.24254919,0.49529573,0.078630884,0.072314923,0.1088439,0.0023653782,0.50168309,0.49595154,0.0023653782,0.40626261,0.59373739,0.92768508,0.072314923,0,0,0,0,0,0,0,0,0,0,0,0,0,0,0,0,0,0,0,0,0,0,0,0,0,0,0,0,0,0,0,0,0,0,0,0,0,0,0,0,0,0,0,0,0,0,0,0,0,0,0,0,0,0.81624279,0.55115267,0.67523129,0.71005795,0.053198056,0.065174304,0.2906745,0.21189206,0.25959441,0.45981612,0.70781844,0.032587152,0.25959441,0.70781844,0.032587152,0.25959441,119.75695,18.189273,4.0480936,0.1028636,1.7692811,0,0,0,0,0,151.99389,180.61816,3.0881386,0.43840033,2.8125252,1.2661057,0,0,0,0,0,0,0,0,0,31.738866,25.906621,4.8452028,1.1023915,19.859892,0,0,0,0,0,0,0,0,0,0,0,0,0,0,0,0,0,0,0,0,0,0,0,0,0,0,0,0,0,0,0,0,0,0,0,0,0,0,0,0,0,0,0,0,0,0,0,0,0,0,0,0,0,0,0,0,0,0,0,0,0,0,0,0,0,0,0,0,0,0,0,0,0,0,0,0,0,0,0,0,0,0,0,0,0,0,0,0,0,0,0,0,0,0,0,0,0,0,0,0,0,0,0,0,0,0,0,0,0,0,0,0,0,0,0,0,0,0,0,0,1.8684655,0.10235411,0.054779772,0.67104826,0.0029913878,0.0016009864,0.036916584,0.0022240194,0.0011902919,0.027446574,1.6879028,0.90336312,0.92203575,0.068607744,0.036718764,0.10699022,0.0043854193,0.00234707,0.013010098,0.05991812,0.90336312,0.036718764,0.99720872,0.0016009864,0.0011902919,0.99765293,0.00234707,0.48303626,0.51696374,133.21481,248.90728,2.8814558,0.31157608,2.9660725,3.0287891,1.8684655,33.660929,0,0,0,0,0,0,0,0,0,0,0,0,0,0,0,0,0,0,0,0,0,0,0,0,0,0,0,0,0,0,0,0.038013853,7.2826344e-06,0.00019157843,0.71005795,0.015428346,0.40586115,0.2906745,0.022578225,0.59394727,0.45981612,0.20312215,0.20293057,0.59394727,0.20312215,0.20293057,0.59394727,0,0,0,0,0,0,0,0,0,31.239269,1.187525,5.0080785,0,0,0,0,0,0,0,0,0,0,0,0,0,0,0,0,0,0,0,0,0,0,0,0,0,0,0,0,0,0,0,0,0,0,0,0,0,0,0,0,0,0,0,0,0,0,0,0,0,0,0,0,0,0,0,0,0,0,0,0,0,0,0,0,0,0,0
700,10000,-90644537,-90644537,12768.888,2195.3746,-78218404,12426133,-2195396.6,-80413800,183.0326,60.0495,0.70572,21.2542,5.0268,3.3368,0.061798,0.63177,2.5393,4.8597,32.745,0,2163.3583,2.7109247,14.74006,265.54631,4.5278743,0,0,0,0,0,0,0,0,0,0,0,0,0,0,0,0,0,0,0,0,0,0,0,3.2272678,2.4353877,0.75462832,0.75684151,0.19708572,0.061068908,0.025588082,0.10416579,0.032276772,0.013524077,0.37340596,0.11570343,0.48303392,0.060234906,0.018664366,0.18858648,0.056987736,0.017658199,0.015349876,0.8656322,0.11570343,0.018664366,0.90665432,0.061068908,0.032276772,0.9823418,0.017658199,0.53734066,0.46265934,0,0,0,0,0,0,0,0,0,0,0,0,0,0,0,0,0,0,0,0,0,0,0,0,0,0,0,0,0,0,0,0,0,0,0,0,0,0,1.6324398,27.402645,0,0,0,0,0,0,0,0,0,0,140.8051,454.41577,2.825344,0.55015112,3.0746813,2.8143148,0,0,0,0,0,0,22.899916,627.51827,2.6237782,0,0,0,19.612134,32.015628,0.91857825,0,0,3.2272678,58.140132,0,0,1.6324398,29.408859,1.1741129,0.20997661,0.17883852,0.020357903,0.73398266,0.62513806,0.22861874,0.019900317,0.016949236,4.8743625e-06,0.14059037,0.11974178,0.0026782995,0.069662933,0.059332397,0.00014370134,0.23817092,0.62513806,0.016949236,0.11974178,0.9406676,0.059332397,0,0,0,0,0,0,0,0,0,0,0,0,0,0,0,1.4258863,0.36414358,0.25538052,0.12138918,0.47087532,0.33023344,0.034926794,-0.088552715,-0.062103631,0.10261003,0.29500592,0.20689302,0.061894485,0.17271963,0.12113142,0.01351432,0.21099551,0.14797499,0.039962758,0.00069901658,0.00049023306,1.4700093e-10,0.25538052,0.2681298,0.20689302,0.12113142,0.14797499,0.00049023306,0.66927633,0.33023344,0.00049023306,0.32256599,0.67743401,0.87886858,0.12113142,0,0,0,0,0,0,0,0,0,0,0,0,0,0,0,0,0,0,0,0,0,0,0,0,0,0,0,0,0,0,0,0,0,0,0,0,0,0,0,0,0,0,0,0,0,0,0,0,0,0,0,0,0,0,0,0,0,0,0,0,0,0,0,0,0,0,0,0,0,117.83937,138.35673,4.0133166,0.26379492,1.8813352,0,0,0,0,0,151.70582,216.31525,2.9928452,0.59686586,2.645132,1.561761,0,0,0,0,0,0,0,0,0,0,0,0,1.2531666,22.576148,0,0,14.392547,1.0900792,0.075739145,0.065245922,2.165894,0.1504872,0.033118925,0.64018683,0.04448044,0.030345629,0.14976397,0.010405662,0.003395389,0.068584119,0.0047652523,0.0049621703,0.007007052,0.00048685281,6.3954598e-06,0.01140604,0.00079249626,0.00011297044,10.259626,0.71284296,0.50375126,0,0,0,0,0,0,0,0,0,0,0,0,0,0,0,0,0,0,0,41.993642,604.39546,2.0830991,0.38054728,0.91885391,0.23102777,0,0,0,0,0,0,0,10.259626,184.83003,0,0,0,0,0,0,0,0,0,0,0,0,0,0,0,0,0,0,0,0,0.63564227,0.0016463498,0.0025900572,0.6283882,0.32595847,0.51280176,0.36553455,0.30803744,0.48460818,0.33699333,0.25899094,0.25640088,0.48460818,0.25899094,0.25640088,0.48460818,31.549807,20.054391,4.9311365,0,0,0,0,0,0,0,0,0,0,0,0,0,0,0,0,0,0,0,0,0,0,0,0,0,0,0,0,0,0,0,0,0,0,0,0,0,0,0,0,0,0,0,0,0,0,0,0,0,0,0,0,0,0,0,0,0,0,0,0,0,0,0,0,0,0,0,0,0,0,0,0,0,0,0,0,0,0,0,0,0,0,0,0,0,0,0,0,0,0,0,0,0,0,0,0,0,0,0,0,0,0,0,0,0,0,0,0,0,0,0,0,0,0,0,0,0,0,2.2053905,44.611509,98.385797,3.6323717,0,0,0,0,0,0,0,0,0,0,0,0,0,0,0,0,0,0,0,0,0,0,0,0,0,0,0,0,0,0,0,0,0,0,0,0,0,0,0,0,0,0,0,0,0,0,0,0,0,0,0,0,0,0,0,0,0,0.20539555,19.068855,3.9166579,4.188285
850,10000,-92704621,-92704621,14636.309,2322.7584,-76265727,16438894,-2322781.7,-78588508,183.0326,60.0495,0.70572,21.2542,5.0268,3.3368,0.061798,0.63177,2.5393,4.8597,32.745,0,2322.7583,2.5375479,16.3725,294.95517,5.0042356,0,0,0,0,0,0,0,0,0,0,0,0,0,0,0,0,0,0,0,0,0,0,0,0,0,0,0,0,0,0,0,0,0,0,0,0,0,0,0,0,0,0,0,0,0,0,0,0,0,0,0,0,0,0,0,0,0,0,0,0,0,0,0,0,0,0,0,0,0,0,0,0,0,0,0,0,0,0,0,0,0,0,0,0,0,0,0,0,0,0,0,8.9355068,0,0,0,0,0,0,0,0,0,0,0,0,0,0,0,0,0,0,0,0,0,0,23.335124,208.51116,2.5748438,0,0,0,0,0,0,0,0,0,0,0,0,0,0,2.1735445,0.90230918,0.41513261,0.10450794,1.0605777,0.48794849,0.11122981,0.020599333,0.0094773002,8.9489134e-07,0.065647455,0.03020295,0.00012615518,0.12441075,0.057238649,0.0010623612,0.47237126,0.48794849,0.0094773002,0.03020295,0.94276135,0.057238649,0,0,0,0,0,0,0,0,0,0,0,0,0,0,0,0,0,0,0,0,0,0,0,0,0,0,0,0,0,0,0,0,0,0,0,0,0,0,0,0,0,0,0,0,0,0,0,0,0,0,0,0,0,0,0,0,0,0,0,0,0,0,0,0,0,0,0,0,0,0,0,0,0,0,0,0,0,0,0,0,0,0,0,0,0,0,0,0,0,0,0,0,0,0,0,0,0,0,0,0,0,0,0,0,0,0,0,0,0,0,0,0,0,0,0,0,0,0,0,116.95943,254.21651,3.889395,0.4730909,1.8855227,0,0,0,0,0,0,0,0,0,0,0,0,0,0,0,0,0,0,0,0,0,0,0,0,0,0,0,29.078725,4.1967147,0.14432251,0.10468455,2.5393,0.087325012,0.042354186,4.8597,0.16712218,0.10038663,0.43482763,0.014953463,0.0055973426,0.52757902,0.018143128,0.021089985,0.064160056,0.002206426,6.3045285e-05,0.083943569,0.0028867693,0.00035285067,16.3725,0.56304051,0.34563151,0,0,0,0,0,0,0,0,0,0,0,0,0,0,0,0,0,0,3.5995122,56.659648,1647.5903,2.2044778,0.43321057,1.409754,0.34241213,0,0,0,0,50.144534,180.49586,3.2315702,16.3725,294.95517,0,0,0,0,0,0,0,0,0,0,0,0,0,0,0,0,0,0,0,0,0.87318975,0.00020209305,0.00023144231,0.51879368,0.48570641,0.55624383,0.39041402,0.38728125,0.44352473,0.28330347,0.27835335,0.27812191,0.44352473,0.27835335,0.27812191,0.44352473,31.762728,27.734888,4.8877616,0,0,0,0,0,0,0,0,0,0,0,0,0,0,0,0,0,0,0,0,0,0,0,0,0,0,0,0,0,0,0,0,0,0,0,0,0,0,0,0,0,0,0,0,0,0,0,0,0,0,0,0,0,0,0,0,0,0,0,0,0,0,0,0,0,0,0,0,0,0,0,0,0,0,0,0,0,0,0,0,0,0,0,0,0,0,0,0,0,0,0,0,0,0,0,0,0,0,0,0,0,0,0,0,0,0,0,0,0,0,0,0,0,0,0,0,0,0,0,0,0,0,0,0,0,0,0,0,0,0,0,0,0,0,0,0,0,0,0,0,0,0,0,0,0,0,0,0,0,0,0,0,0,0,0,0,0,0,0,0,0,0,0,0,0,0,0,0,0,0,0,0,0,0,0,0,0,0,0,0.2198115,19.150598,4.2095217,4.1704076
1000,10000,-94997572,-94997572,15942.184,2405.4506,-74700620,20296951,-2405474.6,-77106095,183.0326,60.0495,0.70572,21.2542,5.0268,3.3368,0.061798,0.63177,2.5393,4.8597,32.745,0,2405.4505,2.4503146,16.3725,294.95517,5.0042356,0,0,0,0,0,0,0,0,0,0,0,0,0,0,0,0,0,0,0,0,0,0,0,0,0,0,0,0,0,0,0,0,0,0,0,0,0,0,0,0,0,0,0,0,0,0,0,0,0,0,0,0,0,0,0,0,0,0,0,0,0,0,0,0,0,0,0,0,0,0,0,0,0,0,0,0,0,0,0,0,0,0,0,0,0,0,0,0,0,0,0,0,0,0,0,0,0,0,0,0,0,0,0,0,0,0,0,0,0,0,0,0,0,0,0,0,0,0,0,0,0,0,0,0,0,0,0,0,0,0,0,0,0,0,0,0,0,0,0,0,0,0,0,0,0,0,0,0,0,0,0,0,0,0,0,0,0,0,0,0,0,0,0,0,0,0,0,0,0,0,0,0,0,0,0,0,0,0,0,0,0,0,0,0,0,0,0,0,0,0,0,0,0,0,0,0,0,0,0,0,0,0,0,0,0,0,0,0,0,0,0,0,0,0,0,0,0,0,0,0,0,0,0,0,0,0,0,0,0,0,0,0,0,0,0,0,0,0,0,0,0,0,0,0,0,0,0,0,0,0,0,0,0,0,0,0,0,0,0,0,0,0,0,0,0,0,0,0,0,0,0,0,0,0,0,0,0,0,0,0,0,0,0,0,0,0,0,0,0,0,0,0,0,0,0,0,0,0,0,0,0,0,0,0,33.384502,6.5415832,0.19594671,0.14618391,2.5393,0.076062241,0.043457493,4.8597,0.14556755,0.089164724,0.58463955,0.017512304,0.0076269923,1.8677551,0.055946772,0.061951453,0.25336061,0.0075891684,0.00018201183,0.36566322,0.010953083,0.0015787779,16.3725,0.49042218,0.27397881,0,0,0,0,0,0,0,0,0,0,0,0,0,0,0,0,0,0,2.023103,62.931112,2100.9238,2.2622609,0.40929055,1.6103001,0.43568407,0,0,0,0,50.265676,101.69264,3.2237819,16.3725,294.95517,0,0,0,0,0,0,0,0,0,0,0,0,0,0,0,0,0,0,0,0,1.1264183,0.00025196546,0.0002236873,0.4952306,0.70546803,0.62629315,0.45375065,0.42069825,0.37348316,0.20974332,0.31337026,0.31314657,0.37348316,0.31337026,0.31314657,0.37348316,32.022464,36.070688,4.8306666,0,0,0,0,0,0,0,0,0,0,0,0,0,0,0,0,0,0,0,0,0,0,0,0,0,0,0,0,0,0,0,0,0,0,0,0,0,0,0,0,0,0,0,0,0,0,0,0,0,0,0,0,0,0,0,0,0,0,0,0,0,0,0,0,0,0,0,0,0,0,0,0,0,0,0,0,0,0,0,0,0,0,0,0,0,0,0,0,0,0,0,0,0,0,0,0,0,0,0,0,0,0,0,0,0,0,0,0,0,0,0,0,0,0,0,0,0,0,0,0,0,0,1.422443,0.68345878,0.48048235,0.14623232,0.61168103,0.43002146,0.07765093,0.020599333,0.014481658,3.2374079e-06,0.015710151,0.011044485,6.978205e-06,0.090993747,0.063970046,0.0018155164,0.5444524,0.43002146,0.014481658,0.011044485,0.93602995,0.063970046,0,0,0,0,0,0,0,0,0,0,0,0,0,0,0,0,0,0,0,0,0,0,0,0,117.23728,166.76336,3.8329297,0.53528797,1.8720599,0,0,0,0,0,0,0,0,0,0
